--------------------------------------------------------
--  파일이 생성됨 - 수요일-10월-04-2023   
--------------------------------------------------------
--------------------------------------------------------
--  DDL for Table CART
--------------------------------------------------------

  CREATE TABLE "FIVEJO1234"."CART" 
   (	"CART_IDX" NUMBER, 
	"MEMBER_IDX" NUMBER, 
	"ITEM_IDX" NUMBER, 
	"ITEM_PHOTO_IDX" NUMBER, 
	"CART_DATE" VARCHAR2(50 BYTE), 
	"CART_STATUS" NUMBER
   ) SEGMENT CREATION IMMEDIATE 
  PCTFREE 10 PCTUSED 40 INITRANS 1 MAXTRANS 255 NOCOMPRESS LOGGING
  STORAGE(INITIAL 65536 NEXT 1048576 MINEXTENTS 1 MAXEXTENTS 2147483645
  PCTINCREASE 0 FREELISTS 1 FREELIST GROUPS 1 BUFFER_POOL DEFAULT FLASH_CACHE DEFAULT CELL_FLASH_CACHE DEFAULT)
  TABLESPACE "USERS" ;
--------------------------------------------------------
--  DDL for Table INTEREST
--------------------------------------------------------

  CREATE TABLE "FIVEJO1234"."INTEREST" 
   (	"INTEREST_IDX" NUMBER, 
	"CATEGORY_IDX_ONE" NUMBER, 
	"CATEGORY_IDX_TWO" NUMBER, 
	"CATEGORY_IDX_THREE" NUMBER, 
	"MEMBER_IDX" NUMBER
   ) SEGMENT CREATION IMMEDIATE 
  PCTFREE 10 PCTUSED 40 INITRANS 1 MAXTRANS 255 NOCOMPRESS LOGGING
  STORAGE(INITIAL 65536 NEXT 1048576 MINEXTENTS 1 MAXEXTENTS 2147483645
  PCTINCREASE 0 FREELISTS 1 FREELIST GROUPS 1 BUFFER_POOL DEFAULT FLASH_CACHE DEFAULT CELL_FLASH_CACHE DEFAULT)
  TABLESPACE "USERS" ;
--------------------------------------------------------
--  DDL for Table ITEM
--------------------------------------------------------

  CREATE TABLE "FIVEJO1234"."ITEM" 
   (	"ITEM_IDX" NUMBER, 
	"CATEGORY_IDX" NUMBER, 
	"EXPERT_IDX" NUMBER, 
	"ITEM_NAME" VARCHAR2(100 BYTE), 
	"ITEM_CONTENT" VARCHAR2(3000 BYTE), 
	"PRICE" NUMBER, 
	"ITEM_STATUS" NUMBER, 
	"ITEM_DATE" DATE
   ) SEGMENT CREATION IMMEDIATE 
  PCTFREE 10 PCTUSED 40 INITRANS 1 MAXTRANS 255 NOCOMPRESS LOGGING
  STORAGE(INITIAL 65536 NEXT 1048576 MINEXTENTS 1 MAXEXTENTS 2147483645
  PCTINCREASE 0 FREELISTS 1 FREELIST GROUPS 1 BUFFER_POOL DEFAULT FLASH_CACHE DEFAULT CELL_FLASH_CACHE DEFAULT)
  TABLESPACE "USERS" ;
--------------------------------------------------------
--  DDL for Table EXPERT
--------------------------------------------------------

  CREATE TABLE "FIVEJO1234"."EXPERT" 
   (	"EXPERT_IDX" NUMBER, 
	"MEMBER_IDX" NUMBER, 
	"PHONE" VARCHAR2(50 BYTE), 
	"INTEREST" NUMBER(20,0), 
	"INTRODUCE" VARCHAR2(800 BYTE), 
	"CAREER" VARCHAR2(20 BYTE), 
	"COMPANY_ONE" VARCHAR2(100 BYTE), 
	"COMPANY_TWO" VARCHAR2(100 BYTE), 
	"COMPANY_THREE" VARCHAR2(100 BYTE), 
	"EXPERTFILE_NAME" VARCHAR2(100 BYTE)
   ) SEGMENT CREATION IMMEDIATE 
  PCTFREE 10 PCTUSED 40 INITRANS 1 MAXTRANS 255 NOCOMPRESS LOGGING
  STORAGE(INITIAL 65536 NEXT 1048576 MINEXTENTS 1 MAXEXTENTS 2147483645
  PCTINCREASE 0 FREELISTS 1 FREELIST GROUPS 1 BUFFER_POOL DEFAULT FLASH_CACHE DEFAULT CELL_FLASH_CACHE DEFAULT)
  TABLESPACE "USERS" ;
--------------------------------------------------------
--  DDL for Table REVIEW
--------------------------------------------------------

  CREATE TABLE "FIVEJO1234"."REVIEW" 
   (	"REVIEW_IDX" NUMBER, 
	"PURCHASE_IDX" NUMBER, 
	"SCORE" NUMBER, 
	"CONTENT" VARCHAR2(2000 BYTE), 
	"REVIEW_DATE" DATE, 
	"REVIEW_STATUS" NUMBER, 
	"REVIEWFILE_NAME" VARCHAR2(100 BYTE), 
	"ANSWER_CONTENT" VARCHAR2(2000 BYTE), 
	"ANSWER_DATE" DATE
   ) SEGMENT CREATION IMMEDIATE 
  PCTFREE 10 PCTUSED 40 INITRANS 1 MAXTRANS 255 NOCOMPRESS LOGGING
  STORAGE(INITIAL 65536 NEXT 1048576 MINEXTENTS 1 MAXEXTENTS 2147483645
  PCTINCREASE 0 FREELISTS 1 FREELIST GROUPS 1 BUFFER_POOL DEFAULT FLASH_CACHE DEFAULT CELL_FLASH_CACHE DEFAULT)
  TABLESPACE "USERS" ;
--------------------------------------------------------
--  DDL for Table PURCHASE
--------------------------------------------------------

  CREATE TABLE "FIVEJO1234"."PURCHASE" 
   (	"PURCHASE_IDX" NUMBER, 
	"ITEM_IDX" NUMBER, 
	"MEMBER_IDX" NUMBER, 
	"PURCHASE_DATE" DATE, 
	"PURCHASE_STATUS" NUMBER
   ) SEGMENT CREATION IMMEDIATE 
  PCTFREE 10 PCTUSED 40 INITRANS 1 MAXTRANS 255 NOCOMPRESS LOGGING
  STORAGE(INITIAL 65536 NEXT 1048576 MINEXTENTS 1 MAXEXTENTS 2147483645
  PCTINCREASE 0 FREELISTS 1 FREELIST GROUPS 1 BUFFER_POOL DEFAULT FLASH_CACHE DEFAULT CELL_FLASH_CACHE DEFAULT)
  TABLESPACE "USERS" ;
--------------------------------------------------------
--  DDL for Table MEMBER
--------------------------------------------------------

  CREATE TABLE "FIVEJO1234"."MEMBER" 
   (	"MEMBER_IDX" NUMBER, 
	"ID" VARCHAR2(50 BYTE), 
	"PASSWORD" VARCHAR2(100 BYTE), 
	"EMAIL" VARCHAR2(40 BYTE), 
	"MEMBER_DATE" DATE, 
	"MEMBER_STATUS" NUMBER, 
	"MEMBERFILE_NAME" VARCHAR2(100 BYTE), 
	"LOGIN_DATE" DATE, 
	"CATEGORY_ONE" NUMBER, 
	"CATEGORY_TWO" NUMBER, 
	"CATEGORY_THREE" NUMBER, 
	"ENABLED" NUMBER
   ) SEGMENT CREATION IMMEDIATE 
  PCTFREE 10 PCTUSED 40 INITRANS 1 MAXTRANS 255 NOCOMPRESS LOGGING
  STORAGE(INITIAL 65536 NEXT 1048576 MINEXTENTS 1 MAXEXTENTS 2147483645
  PCTINCREASE 0 FREELISTS 1 FREELIST GROUPS 1 BUFFER_POOL DEFAULT FLASH_CACHE DEFAULT CELL_FLASH_CACHE DEFAULT)
  TABLESPACE "USERS" ;
--------------------------------------------------------
--  DDL for Table AUTH
--------------------------------------------------------

  CREATE TABLE "FIVEJO1234"."AUTH" 
   (	"AUTH_IDX" NUMBER, 
	"ID" VARCHAR2(100 BYTE), 
	"ROLE" VARCHAR2(100 BYTE)
   ) SEGMENT CREATION IMMEDIATE 
  PCTFREE 10 PCTUSED 40 INITRANS 1 MAXTRANS 255 NOCOMPRESS LOGGING
  STORAGE(INITIAL 65536 NEXT 1048576 MINEXTENTS 1 MAXEXTENTS 2147483645
  PCTINCREASE 0 FREELISTS 1 FREELIST GROUPS 1 BUFFER_POOL DEFAULT FLASH_CACHE DEFAULT CELL_FLASH_CACHE DEFAULT)
  TABLESPACE "USERS" ;
--------------------------------------------------------
--  DDL for Table CATEGORY
--------------------------------------------------------

  CREATE TABLE "FIVEJO1234"."CATEGORY" 
   (	"CATEGORY_IDX" NUMBER, 
	"LARGE" VARCHAR2(50 BYTE), 
	"SMALL" VARCHAR2(50 BYTE)
   ) SEGMENT CREATION IMMEDIATE 
  PCTFREE 10 PCTUSED 40 INITRANS 1 MAXTRANS 255 NOCOMPRESS LOGGING
  STORAGE(INITIAL 65536 NEXT 1048576 MINEXTENTS 1 MAXEXTENTS 2147483645
  PCTINCREASE 0 FREELISTS 1 FREELIST GROUPS 1 BUFFER_POOL DEFAULT FLASH_CACHE DEFAULT CELL_FLASH_CACHE DEFAULT)
  TABLESPACE "USERS" ;
--------------------------------------------------------
--  DDL for Table STATUS
--------------------------------------------------------

  CREATE TABLE "FIVEJO1234"."STATUS" 
   (	"STATUS_IDX" NUMBER, 
	"STATUS" VARCHAR2(100 BYTE)
   ) SEGMENT CREATION IMMEDIATE 
  PCTFREE 10 PCTUSED 40 INITRANS 1 MAXTRANS 255 NOCOMPRESS LOGGING
  STORAGE(INITIAL 65536 NEXT 1048576 MINEXTENTS 1 MAXEXTENTS 2147483645
  PCTINCREASE 0 FREELISTS 1 FREELIST GROUPS 1 BUFFER_POOL DEFAULT FLASH_CACHE DEFAULT CELL_FLASH_CACHE DEFAULT)
  TABLESPACE "USERS" ;
--------------------------------------------------------
--  DDL for Table PHOTO
--------------------------------------------------------

  CREATE TABLE "FIVEJO1234"."PHOTO" 
   (	"PHOTO_IDX" NUMBER, 
	"ITEM_IDX" NUMBER, 
	"ITEMFILE_NAME" VARCHAR2(100 BYTE)
   ) SEGMENT CREATION IMMEDIATE 
  PCTFREE 10 PCTUSED 40 INITRANS 1 MAXTRANS 255 NOCOMPRESS LOGGING
  STORAGE(INITIAL 65536 NEXT 1048576 MINEXTENTS 1 MAXEXTENTS 2147483645
  PCTINCREASE 0 FREELISTS 1 FREELIST GROUPS 1 BUFFER_POOL DEFAULT FLASH_CACHE DEFAULT CELL_FLASH_CACHE DEFAULT)
  TABLESPACE "USERS" ;
--------------------------------------------------------
--  DDL for Table PAYMENT
--------------------------------------------------------

  CREATE TABLE "FIVEJO1234"."PAYMENT" 
   (	"IMP_UID" VARCHAR2(100 BYTE), 
	"MERCHARNT_UID" VARCHAR2(100 BYTE), 
	"PAY_DATE" DATE, 
	"USERID" VARCHAR2(100 BYTE), 
	"AMOUNT" NUMBER, 
	"ITEM_IDX" NUMBER, 
	"STATUS" VARCHAR2(20 BYTE), 
	"PURCHASE_IDX" NUMBER, 
	"SALES_IDX" NUMBER
   ) SEGMENT CREATION IMMEDIATE 
  PCTFREE 10 PCTUSED 40 INITRANS 1 MAXTRANS 255 NOCOMPRESS LOGGING
  STORAGE(INITIAL 65536 NEXT 1048576 MINEXTENTS 1 MAXEXTENTS 2147483645
  PCTINCREASE 0 FREELISTS 1 FREELIST GROUPS 1 BUFFER_POOL DEFAULT FLASH_CACHE DEFAULT CELL_FLASH_CACHE DEFAULT)
  TABLESPACE "USERS" ;
--------------------------------------------------------
--  DDL for Table BOARD
--------------------------------------------------------

  CREATE TABLE "FIVEJO1234"."BOARD" 
   (	"BOARD_IDX" NUMBER, 
	"BOARD_TITLE" VARCHAR2(100 BYTE), 
	"BOARD_CONTENT" VARCHAR2(3000 BYTE), 
	"ID" VARCHAR2(50 BYTE), 
	"BOARDFILE_NAME" VARCHAR2(100 BYTE), 
	"BOARD_STATUS" NUMBER, 
	"VIEW_CNT" NUMBER, 
	"REG_DATE" DATE, 
	"COMMENT_CNT" NUMBER, 
	"UP_DATE" DATE
   ) SEGMENT CREATION IMMEDIATE 
  PCTFREE 10 PCTUSED 40 INITRANS 1 MAXTRANS 255 NOCOMPRESS LOGGING
  STORAGE(INITIAL 65536 NEXT 1048576 MINEXTENTS 1 MAXEXTENTS 2147483645
  PCTINCREASE 0 FREELISTS 1 FREELIST GROUPS 1 BUFFER_POOL DEFAULT FLASH_CACHE DEFAULT CELL_FLASH_CACHE DEFAULT)
  TABLESPACE "USERS" ;
--------------------------------------------------------
--  DDL for Table SALES
--------------------------------------------------------

  CREATE TABLE "FIVEJO1234"."SALES" 
   (	"SALES_IDX" NUMBER, 
	"ITEM_IDX" NUMBER, 
	"SALES_DATE" DATE, 
	"SALES_STATUS" NUMBER
   ) SEGMENT CREATION IMMEDIATE 
  PCTFREE 10 PCTUSED 40 INITRANS 1 MAXTRANS 255 NOCOMPRESS LOGGING
  STORAGE(INITIAL 65536 NEXT 1048576 MINEXTENTS 1 MAXEXTENTS 2147483645
  PCTINCREASE 0 FREELISTS 1 FREELIST GROUPS 1 BUFFER_POOL DEFAULT FLASH_CACHE DEFAULT CELL_FLASH_CACHE DEFAULT)
  TABLESPACE "USERS" ;
REM INSERTING into FIVEJO1234.CART
SET DEFINE OFF;
Insert into FIVEJO1234.CART (CART_IDX,MEMBER_IDX,ITEM_IDX,ITEM_PHOTO_IDX,CART_DATE,CART_STATUS) values (251,101,31,29,'23/09/26',1);
Insert into FIVEJO1234.CART (CART_IDX,MEMBER_IDX,ITEM_IDX,ITEM_PHOTO_IDX,CART_DATE,CART_STATUS) values (252,1,32,30,'23/09/29',1);
Insert into FIVEJO1234.CART (CART_IDX,MEMBER_IDX,ITEM_IDX,ITEM_PHOTO_IDX,CART_DATE,CART_STATUS) values (249,101,81,101,'23/09/26',1);
Insert into FIVEJO1234.CART (CART_IDX,MEMBER_IDX,ITEM_IDX,ITEM_PHOTO_IDX,CART_DATE,CART_STATUS) values (214,25,14,10,'23/09/25',1);
Insert into FIVEJO1234.CART (CART_IDX,MEMBER_IDX,ITEM_IDX,ITEM_PHOTO_IDX,CART_DATE,CART_STATUS) values (245,193,14,10,'23/09/26',1);
Insert into FIVEJO1234.CART (CART_IDX,MEMBER_IDX,ITEM_IDX,ITEM_PHOTO_IDX,CART_DATE,CART_STATUS) values (246,172,14,10,'23/09/26',1);
Insert into FIVEJO1234.CART (CART_IDX,MEMBER_IDX,ITEM_IDX,ITEM_PHOTO_IDX,CART_DATE,CART_STATUS) values (247,172,16,16,'23/09/26',1);
Insert into FIVEJO1234.CART (CART_IDX,MEMBER_IDX,ITEM_IDX,ITEM_PHOTO_IDX,CART_DATE,CART_STATUS) values (161,25,12,9,'23/09/23',1);
Insert into FIVEJO1234.CART (CART_IDX,MEMBER_IDX,ITEM_IDX,ITEM_PHOTO_IDX,CART_DATE,CART_STATUS) values (239,1,14,10,'23/09/26',1);
Insert into FIVEJO1234.CART (CART_IDX,MEMBER_IDX,ITEM_IDX,ITEM_PHOTO_IDX,CART_DATE,CART_STATUS) values (241,101,32,30,'23/09/26',1);
Insert into FIVEJO1234.CART (CART_IDX,MEMBER_IDX,ITEM_IDX,ITEM_PHOTO_IDX,CART_DATE,CART_STATUS) values (183,183,14,10,'23/09/25',1);
REM INSERTING into FIVEJO1234.INTEREST
SET DEFINE OFF;
REM INSERTING into FIVEJO1234.ITEM
SET DEFINE OFF;
Insert into FIVEJO1234.ITEM (ITEM_IDX,CATEGORY_IDX,EXPERT_IDX,ITEM_NAME,ITEM_CONTENT,PRICE,ITEM_STATUS,ITEM_DATE) values (16,2,13,'각종 소형 제품 디자인 접수 받습니다','다양한 제품디자인과 효율적인 가격으로 고객님의 맞춤 디자인을 위해 최선을 다하겠습니다.

제작과정은
주문
->
상담
-> 
시안제안
-> 
수정작업
-> 
최종확인
->
원본파일전달
->
완료 및 구매확정
의 과정으로 진행됩니다',30000,1,to_date('23/08/30','RR/MM/DD'));
Insert into FIVEJO1234.ITEM (ITEM_IDX,CATEGORY_IDX,EXPERT_IDX,ITEM_NAME,ITEM_CONTENT,PRICE,ITEM_STATUS,ITEM_DATE) values (32,5,13,'선택이 아닌 필수 / 면접 전문 헤어 메이크업','오랜기간 동안 열심히 준비하고 갈고 닦은 솜씨를 발휘하는 곳이 면접장소입니다
면접 때 무조건 헤어 메이크업을 받아야 하는 것은 아니지만 그만큼 면접보는 자리에 준비성을 보는 관점도 있기 때문에 
헤어메이크업을 받으신 취준생분들은 자신감 넘치는 발엄과 좋은 인상을 심어주고 오시면 됩니다!

남성분은 30~40분 정도 소요되고,
여성분은 1시간 20분~1시간 30분정도 소요됩니다

남성분
50000원
여성분
70000원',50000,1,to_date('23/09/05','RR/MM/DD'));
Insert into FIVEJO1234.ITEM (ITEM_IDX,CATEGORY_IDX,EXPERT_IDX,ITEM_NAME,ITEM_CONTENT,PRICE,ITEM_STATUS,ITEM_DATE) values (33,10,13,'각 나라의 문화를 이해하라!','고객 여러분의 성공적인 비즈니스를 돕는 길라잡이가 되어 드리겠습니다

동남아 지역 마케팅 팀
031-123-1234
qkr@naver.com

중국 지역 마케팅 팀
031-123-1233
gk@naver.com

일본 지역 마케팅 팀
031-123-5678
dbs@naver.com

유럽 지역 마케팅 팀
031-123-5677
95@naver.com

미국 지역 마케팅 팀
031-123-5679
qkrgkdbs@ajou.ac.kr

가격은 지역별, 내용별, 규모별로 상이하며 
상담 후 정확한 상세 가격이 부여됩니다',2000000,1,to_date('23/09/05','RR/MM/DD'));
Insert into FIVEJO1234.ITEM (ITEM_IDX,CATEGORY_IDX,EXPERT_IDX,ITEM_NAME,ITEM_CONTENT,PRICE,ITEM_STATUS,ITEM_DATE) values (34,8,13,'골치 아픈 개인 세무, 전문가에게 맡기세요!','개인세무사, 사업을 운영할 때 꼭 필요한 이유? 만약, 회사를 다닌다면 세금관리는 크게 필요 없습니다. 회사에서 연말정산을 통해 대신 관리해주기 때문입니다. 하지만 개인사업을 시작하면 세금관리는 대표님께서 직접 하거나, 세무사를 통해 관리해야 합니다',150000,1,to_date('23/09/05','RR/MM/DD'));
Insert into FIVEJO1234.ITEM (ITEM_IDX,CATEGORY_IDX,EXPERT_IDX,ITEM_NAME,ITEM_CONTENT,PRICE,ITEM_STATUS,ITEM_DATE) values (35,9,13,'SNS 홍보 마케팅 전문 업체"파라미디어"','온라인 홍보마케팅를 위해서 SNS플래폼구축이 필수적입니다. SNS홍보마케팅을 효과적으로 하기 위해서는 다양한 소셜미디어를 제대로 활용해야 합니다. (주)파라미디어는 효과적인 소셜마케팅을 체계적으로 지원하고 있습니다~~ 혹시 SNS 홍보가 필요하지 않으신가요?',10000,1,to_date('23/09/05','RR/MM/DD'));
Insert into FIVEJO1234.ITEM (ITEM_IDX,CATEGORY_IDX,EXPERT_IDX,ITEM_NAME,ITEM_CONTENT,PRICE,ITEM_STATUS,ITEM_DATE) values (36,9,13,'함께 성장하는 기업 LinkedIn','
광고전문지 매드타임스 [ MAD Times ]
2020년 8월 기사 中

"NPR은 PR, 광고, 마케팅 등 다양한 분야의 커뮤니케이션 전문가들이 모여 시작된 홍보회사로, 현재 창업 5년차를 맞이한 ‘중견급 신생회사’이다.
단순한 업력뿐 아니라 그간의 고객 및 프로젝트 레퍼런스를 살펴보면 그 표현이 이해가 간다.
?
창업 직후 서울시, 경기관광공사, 문화체육관광부 등 굵직한 정부기관은 물론, SK텔레콤, 삼성전자, 한화, 두산 등  유수의 대기업의 프로젝트를 수주하며 업계의 주목을 받았다.
중소, 중견기업, 스타트업까지 100여개 이상의 고객사를 초기 3년만에 영입하며 초고속 성장을 이뤘다.
?
특히, 서울모터쇼, BOF(부산원아시아페스티벌), 칸라이언즈서울(칸광고제in한국), 부산국제광고제(ADSTAR) 등  굵직한 국제행사의 홍보 총괄 집행회사로 연속 선정되기도 하는 등 글로벌 홍보에 남다른 감각을 가지고 있다."


국내 최초 미디어 컨버전스형 홍보대행사로
고객에게 혁신적 홍보서비스를 제공합니다.
PR Consulting
IMC/ MPR
Media Relations
Media Commerce
Crisis Management
Event/ Promotion


함께하는 기업
[
경기관광공사
한국기술진흥원
카마로고
닥스로고
포씨게이트-로고
winkstone-1
머스트잇로고
피어나인1
vatech
캠피
더위크앤리조트-로고
한화리조트-800
문화유산
케이티
매일유업
한국토지주택공사-1
로고_제57회-한국민속예술축제-및-제23회-전국청소년민속예술제_1
드림플러스2
기아자동차
tmon
파파이스 로고
LG사이언스파크 로고
ssn
GM
플링크 로고
[사진 1] 언더독스 로고
이팝소프트 로고
제로아이즈
원투씨엠 로고
게티_블랙로고
Mobility2021
CI 조합형2__사이즈크게
image (4)
re_GOPIZZA
패스트캠퍼스
schulstad
트립닷컴
씨제이이엔앰
전자랜드-로고
문체부
...
]',1000000,1,to_date('23/09/05','RR/MM/DD'));
Insert into FIVEJO1234.ITEM (ITEM_IDX,CATEGORY_IDX,EXPERT_IDX,ITEM_NAME,ITEM_CONTENT,PRICE,ITEM_STATUS,ITEM_DATE) values (38,4,13,'중국어 -> 영어 번역 해드립니다 ','외국어<>외국어 번역이다 보니
번역비용과 관련해 문의하시는 경우도 많습니다!


원스탑코리아는
미국 본사인 원스탑아시아의 한국지사입니다!
한국과 미국을 중심으로 중국, 일본, 불가리아에 지사가
운영되고 있지요.

현지에 지사가 운영되고 있어서
고품질의 합리적인 비용으로 중영번역이 가능하답니다!',20000,0,to_date('23/09/06','RR/MM/DD'));
Insert into FIVEJO1234.ITEM (ITEM_IDX,CATEGORY_IDX,EXPERT_IDX,ITEM_NAME,ITEM_CONTENT,PRICE,ITEM_STATUS,ITEM_DATE) values (81,7,13,'[25년 경력] 사업자 전문 세무 관리','세무사들의 역할은 세무조사와 같은 국세청과 사업자의 싸움에서 사업자가 유리한 위치에 있을 수 있도록 대응하는겁니다. 또한 세금폭탄을 대비해서 미리 절세할 수 있도록 로드맵을 짜주는 역할을 맡고 있기도 한 것이 세무사입니다',5000000,1,to_date('23/09/15','RR/MM/DD'));
Insert into FIVEJO1234.ITEM (ITEM_IDX,CATEGORY_IDX,EXPERT_IDX,ITEM_NAME,ITEM_CONTENT,PRICE,ITEM_STATUS,ITEM_DATE) values (7,2,1,'실용적인 가구 디자인 해드립니다.','

저희는 최상급 원목으로 자체공방에서 100% 수제작으로 원목가구 디자을 

하고 있습니다.

이미 제작되어 있는 샘플 중에서 고객님들이 원하시는 상품을 바로 주문하셔도 되지만,

기존에 제작되어 있는 샘플을 단순히 수종이나 사이즈를 변경하시거나,

일부 디자인을 수정하실 수도 있고

아예 처음부터 고객님의 요청대로 디자을 해드리기도 합니다.

기성 제품들처럼 상품을 만들어놓고 판매하는 것이 아닌

원목가구 주문이 들어올때마다 디자을 해드리기 때문에 가능한 시스템입니다.',50000,0,to_date('23/08/29','RR/MM/DD'));
Insert into FIVEJO1234.ITEM (ITEM_IDX,CATEGORY_IDX,EXPERT_IDX,ITEM_NAME,ITEM_CONTENT,PRICE,ITEM_STATUS,ITEM_DATE) values (8,9,1,'저렴하게 sns 마케팅 해드립니다.','3-SNS 운영대행서비스 [U"s Marketing]


바쁜 소상공인 및 중소기업 여러분들을 대신하여

주 4회 카드뉴스 형태의 자체제작 컨텐츠 업로드를 포함,

3-SNS ( Instagram / Facebook / Blog ) 각각의 영향력을 키우기 위한

여러가지 제반 작업들을 함께 병행하는 토탈 계정관리 대행 서비스입니다.



[인스타그램]

- 주 4회 컨텐츠 업로드 (자체제작 카드뉴스)

- 태그기반 타겟팅 팔로워 소통작업

- 빅데이터를 통한 대표 해시태그 선정


[페이스북]

- 주 4회 컨텐츠 업로드 (자체제작 카드뉴스)

- 지역광고 컨텐츠 제작 및 배포

- 빅데이터를 통한 대표 해시태그 선정


[네이버 블로그]

- 주 2회 컨텐츠업로드 (자체제작 카드뉴스)

- 빅데이터 핵심 키워드 선정

- 블로그 홈페이지형 디자인 작업


',70000,1,to_date('23/08/29','RR/MM/DD'));
Insert into FIVEJO1234.ITEM (ITEM_IDX,CATEGORY_IDX,EXPERT_IDX,ITEM_NAME,ITEM_CONTENT,PRICE,ITEM_STATUS,ITEM_DATE) values (9,3,1,'세무 상담 도와드립니다.','세무 상담 도와드립니다.',60000,1,to_date('23/08/29','RR/MM/DD'));
Insert into FIVEJO1234.ITEM (ITEM_IDX,CATEGORY_IDX,EXPERT_IDX,ITEM_NAME,ITEM_CONTENT,PRICE,ITEM_STATUS,ITEM_DATE) values (10,4,1,'중국어 번역/통번역 해드립니다','新 HSK 6급 소지,
중국 거주 11년 경력의 소유자로 번역 어플, 사전적 해석 방식으로는 불가능한 구어체 및 상황에 맞는 표현으로 깔끔하게 번역해드립니다  
',6000000,1,to_date('23/08/29','RR/MM/DD'));
Insert into FIVEJO1234.ITEM (ITEM_IDX,CATEGORY_IDX,EXPERT_IDX,ITEM_NAME,ITEM_CONTENT,PRICE,ITEM_STATUS,ITEM_DATE) values (30,9,23,'마케팅 홍보해드립니다','인스타 네이버 블로그 가능
게시글 건당 23만원',230000,0,to_date('23/09/03','RR/MM/DD'));
Insert into FIVEJO1234.ITEM (ITEM_IDX,CATEGORY_IDX,EXPERT_IDX,ITEM_NAME,ITEM_CONTENT,PRICE,ITEM_STATUS,ITEM_DATE) values (39,7,13,'귀찮은 연말정산 더 이상 고민 끝','세무사들의 역할은 세무조사와 같은 국세청과 사업자의 싸움에서 사업자가 유리한 위치에 있을 수 있도록 대응하는겁니다. 또한 세금폭탄을 대비해서 미리 절세할 수 있도록 로드맵을 짜주는 역할을 맡고 있기도 한 것이 세무사입니다.


고객의 돈을 마치 나의 돈처럼 생각하며 낭비되는 자금 없이 기업체에 보다 큰 도움을 드리도록 노력하겠습니다',1254000,0,to_date('23/09/06','RR/MM/DD'));
Insert into FIVEJO1234.ITEM (ITEM_IDX,CATEGORY_IDX,EXPERT_IDX,ITEM_NAME,ITEM_CONTENT,PRICE,ITEM_STATUS,ITEM_DATE) values (40,2,13,'Simple Is Best','내 브랜드의 맞춤 박스를 제작 해보고 싶다면 부담 없이 문의해 주세요.

031-155-1565

qkrgkdbs@qkrgk.com

*****
일상 가전 제품,  소형 제품 전문 디자인 
*****',80000,0,to_date('23/09/06','RR/MM/DD'));
Insert into FIVEJO1234.ITEM (ITEM_IDX,CATEGORY_IDX,EXPERT_IDX,ITEM_NAME,ITEM_CONTENT,PRICE,ITEM_STATUS,ITEM_DATE) values (104,4,13,'중국어영상번역, 각종 영상 센스있고 정확한 번역','중국어 통번역 12년차 화교입니다

중국어 번역 경력은 9년에 달하며 한국어, 중국어 모두 모국어만큼 능통합니다

중국어 자막이 필요한 영상, 한국어 자막이 필요한 중국 영상에 자막 제작해드립니다',140000,1,to_date('23/09/19','RR/MM/DD'));
Insert into FIVEJO1234.ITEM (ITEM_IDX,CATEGORY_IDX,EXPERT_IDX,ITEM_NAME,ITEM_CONTENT,PRICE,ITEM_STATUS,ITEM_DATE) values (12,3,1,'고급 제품 사진 찍어드립니다','고급 제품 사진 찍어드립니다',1000,1,to_date('23/08/30','RR/MM/DD'));
Insert into FIVEJO1234.ITEM (ITEM_IDX,CATEGORY_IDX,EXPERT_IDX,ITEM_NAME,ITEM_CONTENT,PRICE,ITEM_STATUS,ITEM_DATE) values (14,1,13,'상상을 실물로 만들어 드립니다 ','[고급/디자인/그래픽][일러스트/포토그라피/...]

원하는 이미지를 간편하게 제작하세요! ~ 

페이스북/인스타그램/블로그 등에 필요한 각종 썸네일부터

배경화면, 포토그라피, 일러스트까지 

실생활에서 활용가능한 다양한 예술품들을 제작해드립니다! 

*유의사항* 
- 현금명세서 발행이 불가능합니다
- 파일은 JPG, PNG 형태로 제공합니다
- 저작물의 저작권은 구매자에게 양도되나 작업물을 제작자의 상업 목적의 포트폴리오에 활용이 가능합니다
- 완성파일의 2차 재편집은 금합니다
- 초상권이 있는 이미지는 해당 초상권을 가지고 소유권자와 협의가 될 시에만 제작을 진행합니다
',200000,1,to_date('23/08/30','RR/MM/DD'));
Insert into FIVEJO1234.ITEM (ITEM_IDX,CATEGORY_IDX,EXPERT_IDX,ITEM_NAME,ITEM_CONTENT,PRICE,ITEM_STATUS,ITEM_DATE) values (31,9,13,'후기를 부르는 SNS 이벤트!','SNS 후기 이벤트도 알려야 참여율이 높아집니다.
비즈하우스에서는 이벤트 홍보 포스터가 1장 1,600원부터!
디자인 비용 없이 쉽고 빠르게 만들 수 있어요~',20000,1,to_date('23/09/05','RR/MM/DD'));
Insert into FIVEJO1234.ITEM (ITEM_IDX,CATEGORY_IDX,EXPERT_IDX,ITEM_NAME,ITEM_CONTENT,PRICE,ITEM_STATUS,ITEM_DATE) values (76,2,13,'시계 커스터마이징 전문 업체 [디자이너:박하윤]','예쁜 회중시계 무브먼트를 구하셨다고요?

아..근데 케이스에 아슬아슬하게 안들어 간다고요?

혹은 용심 높이가 안맞아서 쓸수가 없는데 다른 방법이 없다고요?



케이스를 가공해주는 업체가 있습니다.



종로세운스퀘어에 있는 ''박하윤''에서 가능합니다.

케이스 가공에 대해서는 믿을만한 업체이고 다른곳에서는 이런작업은 거의 안받아 줄겁니다.

***
자세한 상품 가격은 상담 후 결정 됩니다
***',100000,1,to_date('23/09/11','RR/MM/DD'));
REM INSERTING into FIVEJO1234.EXPERT
SET DEFINE OFF;
Insert into FIVEJO1234.EXPERT (EXPERT_IDX,MEMBER_IDX,PHONE,INTEREST,INTRODUCE,CAREER,COMPANY_ONE,COMPANY_TWO,COMPANY_THREE,EXPERTFILE_NAME) values (11,35,'01056123598',4,'소개
//중국 현지 국제학교에서 초.중.고 졸업  
//영어영문학 졸업
//15년이상 현지거주경험
//국내기업에서 해외영업팀 중국사업부 총괄.(5년)
//10년이상 중국어 과외
//대기업 출강
//동시통역사
//현) 중국어어학원 원장','7년','중국어어학원','중국 현지 국제학교',null,null);
Insert into FIVEJO1234.EXPERT (EXPERT_IDX,MEMBER_IDX,PHONE,INTEREST,INTRODUCE,CAREER,COMPANY_ONE,COMPANY_TWO,COMPANY_THREE,EXPERTFILE_NAME) values (13,25,'01012331332',5,'안녕하세요 박하윤입니다
안녕하세요 박하윤입니다
안녕하세요 박하윤입니다
안녕하세요 박하윤입니다
안녕하세요 박하윤입니다','4년','Vina','Viettel','ALS','4ab4d73f-ad82-4b78-8fd0-36a7b20e6b8d_final.pdf');
Insert into FIVEJO1234.EXPERT (EXPERT_IDX,MEMBER_IDX,PHONE,INTEREST,INTRODUCE,CAREER,COMPANY_ONE,COMPANY_TWO,COMPANY_THREE,EXPERTFILE_NAME) values (77,95,'010-1111-1111',4,'안녕하세요? 중국어 번역 전문가입니다.','3년 ','중국어학원',null,null,null);
Insert into FIVEJO1234.EXPERT (EXPERT_IDX,MEMBER_IDX,PHONE,INTEREST,INTRODUCE,CAREER,COMPANY_ONE,COMPANY_TWO,COMPANY_THREE,EXPERTFILE_NAME) values (82,23,'010-4444-4445',1,null,null,null,null,null,null);
Insert into FIVEJO1234.EXPERT (EXPERT_IDX,MEMBER_IDX,PHONE,INTEREST,INTRODUCE,CAREER,COMPANY_ONE,COMPANY_TWO,COMPANY_THREE,EXPERTFILE_NAME) values (88,23,'010-4444-4445',1,null,null,null,null,null,null);
Insert into FIVEJO1234.EXPERT (EXPERT_IDX,MEMBER_IDX,PHONE,INTEREST,INTRODUCE,CAREER,COMPANY_ONE,COMPANY_TWO,COMPANY_THREE,EXPERTFILE_NAME) values (89,23,'010-4444-4445',1,null,null,null,null,null,null);
Insert into FIVEJO1234.EXPERT (EXPERT_IDX,MEMBER_IDX,PHONE,INTEREST,INTRODUCE,CAREER,COMPANY_ONE,COMPANY_TWO,COMPANY_THREE,EXPERTFILE_NAME) values (92,23,'010-4444-4445',1,null,null,null,null,null,null);
Insert into FIVEJO1234.EXPERT (EXPERT_IDX,MEMBER_IDX,PHONE,INTEREST,INTRODUCE,CAREER,COMPANY_ONE,COMPANY_TWO,COMPANY_THREE,EXPERTFILE_NAME) values (141,101,'010-7129-9120',1,'안녕하세요','2',null,null,null,null);
Insert into FIVEJO1234.EXPERT (EXPERT_IDX,MEMBER_IDX,PHONE,INTEREST,INTRODUCE,CAREER,COMPANY_ONE,COMPANY_TWO,COMPANY_THREE,EXPERTFILE_NAME) values (1,1,'010-8287-9856',3,null,'3ㄷㄷㄷㄷㄷ',null,null,null,null);
Insert into FIVEJO1234.EXPERT (EXPERT_IDX,MEMBER_IDX,PHONE,INTEREST,INTRODUCE,CAREER,COMPANY_ONE,COMPANY_TWO,COMPANY_THREE,EXPERTFILE_NAME) values (126,192,'010-2303-5454',1,'안녕하세요 그래픽 전문가입니다.','3년','g그래픽',null,null,null);
Insert into FIVEJO1234.EXPERT (EXPERT_IDX,MEMBER_IDX,PHONE,INTEREST,INTRODUCE,CAREER,COMPANY_ONE,COMPANY_TWO,COMPANY_THREE,EXPERTFILE_NAME) values (140,172,'010-4444-4445',1,'안녕하세요 전문가 조입니다.',null,null,null,null,null);
Insert into FIVEJO1234.EXPERT (EXPERT_IDX,MEMBER_IDX,PHONE,INTEREST,INTRODUCE,CAREER,COMPANY_ONE,COMPANY_TWO,COMPANY_THREE,EXPERTFILE_NAME) values (15,17,'01012345678',8,'안녕','1년',null,null,null,null);
Insert into FIVEJO1234.EXPERT (EXPERT_IDX,MEMBER_IDX,PHONE,INTEREST,INTRODUCE,CAREER,COMPANY_ONE,COMPANY_TWO,COMPANY_THREE,EXPERTFILE_NAME) values (113,173,'010-2303-5454',1,'안녕하세요 뱁세에영~~~','7년',null,null,null,null);
Insert into FIVEJO1234.EXPERT (EXPERT_IDX,MEMBER_IDX,PHONE,INTEREST,INTRODUCE,CAREER,COMPANY_ONE,COMPANY_TWO,COMPANY_THREE,EXPERTFILE_NAME) values (134,198,'010-4444-4445',1,null,null,null,null,null,null);
Insert into FIVEJO1234.EXPERT (EXPERT_IDX,MEMBER_IDX,PHONE,INTEREST,INTRODUCE,CAREER,COMPANY_ONE,COMPANY_TWO,COMPANY_THREE,EXPERTFILE_NAME) values (127,193,'010-5612-3598',1,'안녕하세요 그래픽 디자이너입니다.','7년','g그래픽','l그래픽','s그래픽',null);
Insert into FIVEJO1234.EXPERT (EXPERT_IDX,MEMBER_IDX,PHONE,INTEREST,INTRODUCE,CAREER,COMPANY_ONE,COMPANY_TWO,COMPANY_THREE,EXPERTFILE_NAME) values (139,202,'010-4444-4445',1,'전문과 조입니다.',null,null,null,null,null);
Insert into FIVEJO1234.EXPERT (EXPERT_IDX,MEMBER_IDX,PHONE,INTEREST,INTRODUCE,CAREER,COMPANY_ONE,COMPANY_TWO,COMPANY_THREE,EXPERTFILE_NAME) values (20,61,'01025634523',1,'안녕하세요','1년','아이티윌',null,null,null);
Insert into FIVEJO1234.EXPERT (EXPERT_IDX,MEMBER_IDX,PHONE,INTEREST,INTRODUCE,CAREER,COMPANY_ONE,COMPANY_TWO,COMPANY_THREE,EXPERTFILE_NAME) values (23,65,'20230407',1,null,null,null,null,null,null);
Insert into FIVEJO1234.EXPERT (EXPERT_IDX,MEMBER_IDX,PHONE,INTEREST,INTRODUCE,CAREER,COMPANY_ONE,COMPANY_TWO,COMPANY_THREE,EXPERTFILE_NAME) values (3,23,'010-4444-4444',1,'안녕하세요^^  로고고 디자인입니다. 
디자인전공,미술전공,포토그래퍼  각 예술분야의 전문가들이 모여 오직 로고만을 감각있고 트렌디하게 만들어 드립니다.^^
첫째. 원하시는 로고에 귀기울이고 친절히 하나하나 부담없이 응대 해드릴께요~
둘째. 항상 신속하고 정확하게 만들어 드립니다~셋째. 내거처럼 성심성의껏 만들어 드리겠습니다~','1년','코딩','디자인','아이티윌',null);
Insert into FIVEJO1234.EXPERT (EXPERT_IDX,MEMBER_IDX,PHONE,INTEREST,INTRODUCE,CAREER,COMPANY_ONE,COMPANY_TWO,COMPANY_THREE,EXPERTFILE_NAME) values (32,64,'606-0606-0606',1,null,null,null,null,null,null);
Insert into FIVEJO1234.EXPERT (EXPERT_IDX,MEMBER_IDX,PHONE,INTEREST,INTRODUCE,CAREER,COMPANY_ONE,COMPANY_TWO,COMPANY_THREE,EXPERTFILE_NAME) values (133,174,'010-8287-1234',1,'자기속개','3',null,null,null,null);
Insert into FIVEJO1234.EXPERT (EXPERT_IDX,MEMBER_IDX,PHONE,INTEREST,INTRODUCE,CAREER,COMPANY_ONE,COMPANY_TWO,COMPANY_THREE,EXPERTFILE_NAME) values (137,199,'010-4444-4445',1,null,null,null,null,null,null);
Insert into FIVEJO1234.EXPERT (EXPERT_IDX,MEMBER_IDX,PHONE,INTEREST,INTRODUCE,CAREER,COMPANY_ONE,COMPANY_TWO,COMPANY_THREE,EXPERTFILE_NAME) values (47,75,'051-9195-1511',1,null,null,null,null,null,null);
Insert into FIVEJO1234.EXPERT (EXPERT_IDX,MEMBER_IDX,PHONE,INTEREST,INTRODUCE,CAREER,COMPANY_ONE,COMPANY_TWO,COMPANY_THREE,EXPERTFILE_NAME) values (48,75,'051-9195-1511',1,null,null,null,null,null,null);
Insert into FIVEJO1234.EXPERT (EXPERT_IDX,MEMBER_IDX,PHONE,INTEREST,INTRODUCE,CAREER,COMPANY_ONE,COMPANY_TWO,COMPANY_THREE,EXPERTFILE_NAME) values (57,81,'010-2265-2562',1,'ewfwefew','2',null,null,null,null);
Insert into FIVEJO1234.EXPERT (EXPERT_IDX,MEMBER_IDX,PHONE,INTEREST,INTRODUCE,CAREER,COMPANY_ONE,COMPANY_TWO,COMPANY_THREE,EXPERTFILE_NAME) values (58,81,'010-2265-2562',1,'ewfwefew','2',null,null,null,null);
Insert into FIVEJO1234.EXPERT (EXPERT_IDX,MEMBER_IDX,PHONE,INTEREST,INTRODUCE,CAREER,COMPANY_ONE,COMPANY_TWO,COMPANY_THREE,EXPERTFILE_NAME) values (59,81,'010-2265-2562',1,'ewfwefew','2',null,null,null,null);
Insert into FIVEJO1234.EXPERT (EXPERT_IDX,MEMBER_IDX,PHONE,INTEREST,INTRODUCE,CAREER,COMPANY_ONE,COMPANY_TWO,COMPANY_THREE,EXPERTFILE_NAME) values (60,82,'010-7129-9120',1,'dghgfhfghgfhfghgfhgfh','1',null,null,null,null);
Insert into FIVEJO1234.EXPERT (EXPERT_IDX,MEMBER_IDX,PHONE,INTEREST,INTRODUCE,CAREER,COMPANY_ONE,COMPANY_TWO,COMPANY_THREE,EXPERTFILE_NAME) values (61,82,'010-7129-9120',1,'dghgfhfghgfhfghgfhgfh','1',null,null,null,null);
Insert into FIVEJO1234.EXPERT (EXPERT_IDX,MEMBER_IDX,PHONE,INTEREST,INTRODUCE,CAREER,COMPANY_ONE,COMPANY_TWO,COMPANY_THREE,EXPERTFILE_NAME) values (64,83,'010-7129-9120',1,'안녕하세요',null,null,null,null,null);
Insert into FIVEJO1234.EXPERT (EXPERT_IDX,MEMBER_IDX,PHONE,INTEREST,INTRODUCE,CAREER,COMPANY_ONE,COMPANY_TWO,COMPANY_THREE,EXPERTFILE_NAME) values (67,86,'010-7129-9120',1,'안녕하세요.',null,null,null,null,null);
Insert into FIVEJO1234.EXPERT (EXPERT_IDX,MEMBER_IDX,PHONE,INTEREST,INTRODUCE,CAREER,COMPANY_ONE,COMPANY_TWO,COMPANY_THREE,EXPERTFILE_NAME) values (68,86,'010-7129-9120',1,'안녕하세요.',null,null,null,null,null);
Insert into FIVEJO1234.EXPERT (EXPERT_IDX,MEMBER_IDX,PHONE,INTEREST,INTRODUCE,CAREER,COMPANY_ONE,COMPANY_TWO,COMPANY_THREE,EXPERTFILE_NAME) values (69,87,'010-7129-9120',1,'dkssudgktpdy.',null,null,null,null,null);
Insert into FIVEJO1234.EXPERT (EXPERT_IDX,MEMBER_IDX,PHONE,INTEREST,INTRODUCE,CAREER,COMPANY_ONE,COMPANY_TWO,COMPANY_THREE,EXPERTFILE_NAME) values (70,87,'010-7129-9120',1,'dkssudgktpdy.',null,null,null,null,null);
Insert into FIVEJO1234.EXPERT (EXPERT_IDX,MEMBER_IDX,PHONE,INTEREST,INTRODUCE,CAREER,COMPANY_ONE,COMPANY_TWO,COMPANY_THREE,EXPERTFILE_NAME) values (71,88,'010-2265-2562',1,'아녕ㅇ',null,null,null,null,null);
Insert into FIVEJO1234.EXPERT (EXPERT_IDX,MEMBER_IDX,PHONE,INTEREST,INTRODUCE,CAREER,COMPANY_ONE,COMPANY_TWO,COMPANY_THREE,EXPERTFILE_NAME) values (72,88,'010-2265-2562',1,'아녕ㅇ',null,null,null,null,null);
Insert into FIVEJO1234.EXPERT (EXPERT_IDX,MEMBER_IDX,PHONE,INTEREST,INTRODUCE,CAREER,COMPANY_ONE,COMPANY_TWO,COMPANY_THREE,EXPERTFILE_NAME) values (74,90,'010-7129-9120',1,'gdfgd',null,null,null,null,null);
Insert into FIVEJO1234.EXPERT (EXPERT_IDX,MEMBER_IDX,PHONE,INTEREST,INTRODUCE,CAREER,COMPANY_ONE,COMPANY_TWO,COMPANY_THREE,EXPERTFILE_NAME) values (76,94,'010-2304-9321',1,'dksldklfj',null,null,null,null,null);
Insert into FIVEJO1234.EXPERT (EXPERT_IDX,MEMBER_IDX,PHONE,INTEREST,INTRODUCE,CAREER,COMPANY_ONE,COMPANY_TWO,COMPANY_THREE,EXPERTFILE_NAME) values (94,23,'010-4444-4445',1,null,null,null,null,null,null);
Insert into FIVEJO1234.EXPERT (EXPERT_IDX,MEMBER_IDX,PHONE,INTEREST,INTRODUCE,CAREER,COMPANY_ONE,COMPANY_TWO,COMPANY_THREE,EXPERTFILE_NAME) values (128,194,'010-0505-0505',1,'안녕하세요 디자인 전문가입니다,','3년','ㅇ그래픽',null,null,null);
Insert into FIVEJO1234.EXPERT (EXPERT_IDX,MEMBER_IDX,PHONE,INTEREST,INTRODUCE,CAREER,COMPANY_ONE,COMPANY_TWO,COMPANY_THREE,EXPERTFILE_NAME) values (129,185,'010-2938-4848',1,'전문가 강민듀입니다.',null,null,null,null,null);
Insert into FIVEJO1234.EXPERT (EXPERT_IDX,MEMBER_IDX,PHONE,INTEREST,INTRODUCE,CAREER,COMPANY_ONE,COMPANY_TWO,COMPANY_THREE,EXPERTFILE_NAME) values (138,201,'010-4444-4445',1,null,null,null,null,null,null);
Insert into FIVEJO1234.EXPERT (EXPERT_IDX,MEMBER_IDX,PHONE,INTEREST,INTRODUCE,CAREER,COMPANY_ONE,COMPANY_TWO,COMPANY_THREE,EXPERTFILE_NAME) values (75,91,'010-2304-9321',1,'dfsdfdsf',null,null,null,null,null);
Insert into FIVEJO1234.EXPERT (EXPERT_IDX,MEMBER_IDX,PHONE,INTEREST,INTRODUCE,CAREER,COMPANY_ONE,COMPANY_TWO,COMPANY_THREE,EXPERTFILE_NAME) values (14,31,'01071299120',9,'안녕하세요 유앤준입니다.

- 다양한 서비스 목록 -

[마케팅 상품]
블로그 리뷰
블로그 건바이,25일 최적화관리
블로그 에어서치 스마트블록
인플루언서 기자단
웹사이트 SEO','3년','에어서치',null,null,null);
Insert into FIVEJO1234.EXPERT (EXPERT_IDX,MEMBER_IDX,PHONE,INTEREST,INTRODUCE,CAREER,COMPANY_ONE,COMPANY_TWO,COMPANY_THREE,EXPERTFILE_NAME) values (73,89,'010-2265-2562',1,'dkssud',null,null,null,null,null);
Insert into FIVEJO1234.EXPERT (EXPERT_IDX,MEMBER_IDX,PHONE,INTEREST,INTRODUCE,CAREER,COMPANY_ONE,COMPANY_TWO,COMPANY_THREE,EXPERTFILE_NAME) values (91,23,'010-4444-4445',1,null,null,null,null,null,null);
Insert into FIVEJO1234.EXPERT (EXPERT_IDX,MEMBER_IDX,PHONE,INTEREST,INTRODUCE,CAREER,COMPANY_ONE,COMPANY_TWO,COMPANY_THREE,EXPERTFILE_NAME) values (121,168,'010-1234-5687',1,'안녕하세요','2',null,null,null,null);
Insert into FIVEJO1234.EXPERT (EXPERT_IDX,MEMBER_IDX,PHONE,INTEREST,INTRODUCE,CAREER,COMPANY_ONE,COMPANY_TWO,COMPANY_THREE,EXPERTFILE_NAME) values (123,183,'010-2342-3043',1,'안녕하세요','1','2',null,null,null);
Insert into FIVEJO1234.EXPERT (EXPERT_IDX,MEMBER_IDX,PHONE,INTEREST,INTRODUCE,CAREER,COMPANY_ONE,COMPANY_TWO,COMPANY_THREE,EXPERTFILE_NAME) values (125,191,'010-5612-3598',1,'안녕하세요','7년','뱁새헤어',null,null,null);
Insert into FIVEJO1234.EXPERT (EXPERT_IDX,MEMBER_IDX,PHONE,INTEREST,INTRODUCE,CAREER,COMPANY_ONE,COMPANY_TWO,COMPANY_THREE,EXPERTFILE_NAME) values (17,34,'01077777777',5,'어쩌고저쩌고','30년','청담동미용실','압구정미용실','동삼동미용실',null);
Insert into FIVEJO1234.EXPERT (EXPERT_IDX,MEMBER_IDX,PHONE,INTEREST,INTRODUCE,CAREER,COMPANY_ONE,COMPANY_TWO,COMPANY_THREE,EXPERTFILE_NAME) values (18,50,'01071294512',4,'안녕하세요 번역 전문가 입니다.','4년','중국','중국어','중국어번역',null);
Insert into FIVEJO1234.EXPERT (EXPERT_IDX,MEMBER_IDX,PHONE,INTEREST,INTRODUCE,CAREER,COMPANY_ONE,COMPANY_TWO,COMPANY_THREE,EXPERTFILE_NAME) values (19,54,'010',5,null,'3','i','f','s',null);
Insert into FIVEJO1234.EXPERT (EXPERT_IDX,MEMBER_IDX,PHONE,INTEREST,INTRODUCE,CAREER,COMPANY_ONE,COMPANY_TWO,COMPANY_THREE,EXPERTFILE_NAME) values (46,74,'002-020-2022',1,null,null,null,null,null,null);
Insert into FIVEJO1234.EXPERT (EXPERT_IDX,MEMBER_IDX,PHONE,INTEREST,INTRODUCE,CAREER,COMPANY_ONE,COMPANY_TWO,COMPANY_THREE,EXPERTFILE_NAME) values (49,76,'010-2265-2562',1,null,null,null,null,null,null);
Insert into FIVEJO1234.EXPERT (EXPERT_IDX,MEMBER_IDX,PHONE,INTEREST,INTRODUCE,CAREER,COMPANY_ONE,COMPANY_TWO,COMPANY_THREE,EXPERTFILE_NAME) values (50,76,'010-2265-2562',1,null,null,null,null,null,null);
Insert into FIVEJO1234.EXPERT (EXPERT_IDX,MEMBER_IDX,PHONE,INTEREST,INTRODUCE,CAREER,COMPANY_ONE,COMPANY_TWO,COMPANY_THREE,EXPERTFILE_NAME) values (51,77,'010-7129-9120',1,null,null,null,null,null,null);
Insert into FIVEJO1234.EXPERT (EXPERT_IDX,MEMBER_IDX,PHONE,INTEREST,INTRODUCE,CAREER,COMPANY_ONE,COMPANY_TWO,COMPANY_THREE,EXPERTFILE_NAME) values (52,77,'010-7129-9120',1,null,null,null,null,null,null);
Insert into FIVEJO1234.EXPERT (EXPERT_IDX,MEMBER_IDX,PHONE,INTEREST,INTRODUCE,CAREER,COMPANY_ONE,COMPANY_TWO,COMPANY_THREE,EXPERTFILE_NAME) values (62,83,'010-7129-9120',1,'안녕하세요',null,null,null,null,null);
Insert into FIVEJO1234.EXPERT (EXPERT_IDX,MEMBER_IDX,PHONE,INTEREST,INTRODUCE,CAREER,COMPANY_ONE,COMPANY_TWO,COMPANY_THREE,EXPERTFILE_NAME) values (63,83,'010-7129-9120',1,'안녕하세요',null,null,null,null,null);
Insert into FIVEJO1234.EXPERT (EXPERT_IDX,MEMBER_IDX,PHONE,INTEREST,INTRODUCE,CAREER,COMPANY_ONE,COMPANY_TWO,COMPANY_THREE,EXPERTFILE_NAME) values (83,23,'010-4444-4445',1,null,null,null,null,null,null);
Insert into FIVEJO1234.EXPERT (EXPERT_IDX,MEMBER_IDX,PHONE,INTEREST,INTRODUCE,CAREER,COMPANY_ONE,COMPANY_TWO,COMPANY_THREE,EXPERTFILE_NAME) values (85,23,'010-4444-4445',1,null,null,null,null,null,null);
Insert into FIVEJO1234.EXPERT (EXPERT_IDX,MEMBER_IDX,PHONE,INTEREST,INTRODUCE,CAREER,COMPANY_ONE,COMPANY_TWO,COMPANY_THREE,EXPERTFILE_NAME) values (86,23,'010-4444-4445',1,null,null,null,null,null,null);
Insert into FIVEJO1234.EXPERT (EXPERT_IDX,MEMBER_IDX,PHONE,INTEREST,INTRODUCE,CAREER,COMPANY_ONE,COMPANY_TWO,COMPANY_THREE,EXPERTFILE_NAME) values (87,23,'010-4444-4445',1,null,null,null,null,null,null);
Insert into FIVEJO1234.EXPERT (EXPERT_IDX,MEMBER_IDX,PHONE,INTEREST,INTRODUCE,CAREER,COMPANY_ONE,COMPANY_TWO,COMPANY_THREE,EXPERTFILE_NAME) values (90,23,'010-4444-4445',1,null,null,null,null,null,null);
Insert into FIVEJO1234.EXPERT (EXPERT_IDX,MEMBER_IDX,PHONE,INTEREST,INTRODUCE,CAREER,COMPANY_ONE,COMPANY_TWO,COMPANY_THREE,EXPERTFILE_NAME) values (132,195,'010-2020-2020',1,'전문가 방입니다.',null,null,null,null,null);
REM INSERTING into FIVEJO1234.REVIEW
SET DEFINE OFF;
Insert into FIVEJO1234.REVIEW (REVIEW_IDX,PURCHASE_IDX,SCORE,CONTENT,REVIEW_DATE,REVIEW_STATUS,REVIEWFILE_NAME,ANSWER_CONTENT,ANSWER_DATE) values (8,26,5,'test',to_date('23/08/30','RR/MM/DD'),1,null,null,null);
Insert into FIVEJO1234.REVIEW (REVIEW_IDX,PURCHASE_IDX,SCORE,CONTENT,REVIEW_DATE,REVIEW_STATUS,REVIEWFILE_NAME,ANSWER_CONTENT,ANSWER_DATE) values (13,37,5,'상품 만족합니다^^',to_date('23/08/31','RR/MM/DD'),1,null,'efef',to_date('23/09/01','RR/MM/DD'));
Insert into FIVEJO1234.REVIEW (REVIEW_IDX,PURCHASE_IDX,SCORE,CONTENT,REVIEW_DATE,REVIEW_STATUS,REVIEWFILE_NAME,ANSWER_CONTENT,ANSWER_DATE) values (61,37,3,'good',to_date('23/09/26','RR/MM/DD'),1,null,null,null);
Insert into FIVEJO1234.REVIEW (REVIEW_IDX,PURCHASE_IDX,SCORE,CONTENT,REVIEW_DATE,REVIEW_STATUS,REVIEWFILE_NAME,ANSWER_CONTENT,ANSWER_DATE) values (65,37,2,'만족',to_date('23/09/26','RR/MM/DD'),1,null,null,null);
Insert into FIVEJO1234.REVIEW (REVIEW_IDX,PURCHASE_IDX,SCORE,CONTENT,REVIEW_DATE,REVIEW_STATUS,REVIEWFILE_NAME,ANSWER_CONTENT,ANSWER_DATE) values (17,44,5,'만족합니다22',to_date('23/08/31','RR/MM/DD'),1,null,null,null);
Insert into FIVEJO1234.REVIEW (REVIEW_IDX,PURCHASE_IDX,SCORE,CONTENT,REVIEW_DATE,REVIEW_STATUS,REVIEWFILE_NAME,ANSWER_CONTENT,ANSWER_DATE) values (67,105,5,'감사합니다',to_date('23/09/26','RR/MM/DD'),1,null,null,null);
Insert into FIVEJO1234.REVIEW (REVIEW_IDX,PURCHASE_IDX,SCORE,CONTENT,REVIEW_DATE,REVIEW_STATUS,REVIEWFILE_NAME,ANSWER_CONTENT,ANSWER_DATE) values (7,26,5,'ㅎㅇ',to_date('23/08/30','RR/MM/DD'),1,null,'굿',to_date('23/09/07','RR/MM/DD'));
Insert into FIVEJO1234.REVIEW (REVIEW_IDX,PURCHASE_IDX,SCORE,CONTENT,REVIEW_DATE,REVIEW_STATUS,REVIEWFILE_NAME,ANSWER_CONTENT,ANSWER_DATE) values (62,25,3,'good',to_date('23/09/26','RR/MM/DD'),1,null,null,null);
Insert into FIVEJO1234.REVIEW (REVIEW_IDX,PURCHASE_IDX,SCORE,CONTENT,REVIEW_DATE,REVIEW_STATUS,REVIEWFILE_NAME,ANSWER_CONTENT,ANSWER_DATE) values (63,105,4,'좋아요',to_date('23/09/26','RR/MM/DD'),1,null,null,null);
Insert into FIVEJO1234.REVIEW (REVIEW_IDX,PURCHASE_IDX,SCORE,CONTENT,REVIEW_DATE,REVIEW_STATUS,REVIEWFILE_NAME,ANSWER_CONTENT,ANSWER_DATE) values (14,29,0,'굿',to_date('23/08/31','RR/MM/DD'),1,null,null,null);
Insert into FIVEJO1234.REVIEW (REVIEW_IDX,PURCHASE_IDX,SCORE,CONTENT,REVIEW_DATE,REVIEW_STATUS,REVIEWFILE_NAME,ANSWER_CONTENT,ANSWER_DATE) values (16,25,5,'좋습니다',to_date('23/08/31','RR/MM/DD'),1,null,'g',to_date('23/09/06','RR/MM/DD'));
Insert into FIVEJO1234.REVIEW (REVIEW_IDX,PURCHASE_IDX,SCORE,CONTENT,REVIEW_DATE,REVIEW_STATUS,REVIEWFILE_NAME,ANSWER_CONTENT,ANSWER_DATE) values (64,29,3,'good',to_date('23/09/26','RR/MM/DD'),1,null,null,null);
Insert into FIVEJO1234.REVIEW (REVIEW_IDX,PURCHASE_IDX,SCORE,CONTENT,REVIEW_DATE,REVIEW_STATUS,REVIEWFILE_NAME,ANSWER_CONTENT,ANSWER_DATE) values (19,46,5,'안녕하세요~',to_date('23/09/01','RR/MM/DD'),1,null,'안녕하세요',to_date('23/09/07','RR/MM/DD'));
Insert into FIVEJO1234.REVIEW (REVIEW_IDX,PURCHASE_IDX,SCORE,CONTENT,REVIEW_DATE,REVIEW_STATUS,REVIEWFILE_NAME,ANSWER_CONTENT,ANSWER_DATE) values (20,31,5,'qqq',to_date('23/09/02','RR/MM/DD'),1,null,'qqq',to_date('23/09/02','RR/MM/DD'));
Insert into FIVEJO1234.REVIEW (REVIEW_IDX,PURCHASE_IDX,SCORE,CONTENT,REVIEW_DATE,REVIEW_STATUS,REVIEWFILE_NAME,ANSWER_CONTENT,ANSWER_DATE) values (21,34,5,'qqq',to_date('23/09/02','RR/MM/DD'),1,null,null,null);
Insert into FIVEJO1234.REVIEW (REVIEW_IDX,PURCHASE_IDX,SCORE,CONTENT,REVIEW_DATE,REVIEW_STATUS,REVIEWFILE_NAME,ANSWER_CONTENT,ANSWER_DATE) values (23,47,5,'공짜입니다',to_date('23/09/03','RR/MM/DD'),1,null,null,null);
Insert into FIVEJO1234.REVIEW (REVIEW_IDX,PURCHASE_IDX,SCORE,CONTENT,REVIEW_DATE,REVIEW_STATUS,REVIEWFILE_NAME,ANSWER_CONTENT,ANSWER_DATE) values (66,29,2,'ㄸ따봉',to_date('23/09/26','RR/MM/DD'),1,null,null,null);
Insert into FIVEJO1234.REVIEW (REVIEW_IDX,PURCHASE_IDX,SCORE,CONTENT,REVIEW_DATE,REVIEW_STATUS,REVIEWFILE_NAME,ANSWER_CONTENT,ANSWER_DATE) values (11,30,5,'감사합니다',to_date('23/08/31','RR/MM/DD'),1,null,'efef',to_date('23/09/08','RR/MM/DD'));
REM INSERTING into FIVEJO1234.PURCHASE
SET DEFINE OFF;
Insert into FIVEJO1234.PURCHASE (PURCHASE_IDX,ITEM_IDX,MEMBER_IDX,PURCHASE_DATE,PURCHASE_STATUS) values (35,14,54,to_date('23/08/31','RR/MM/DD'),2);
Insert into FIVEJO1234.PURCHASE (PURCHASE_IDX,ITEM_IDX,MEMBER_IDX,PURCHASE_DATE,PURCHASE_STATUS) values (25,8,1,to_date('23/08/30','RR/MM/DD'),2);
Insert into FIVEJO1234.PURCHASE (PURCHASE_IDX,ITEM_IDX,MEMBER_IDX,PURCHASE_DATE,PURCHASE_STATUS) values (26,9,1,to_date('23/08/30','RR/MM/DD'),2);
Insert into FIVEJO1234.PURCHASE (PURCHASE_IDX,ITEM_IDX,MEMBER_IDX,PURCHASE_DATE,PURCHASE_STATUS) values (34,12,54,to_date('23/08/31','RR/MM/DD'),2);
Insert into FIVEJO1234.PURCHASE (PURCHASE_IDX,ITEM_IDX,MEMBER_IDX,PURCHASE_DATE,PURCHASE_STATUS) values (29,14,1,to_date('23/08/30','RR/MM/DD'),2);
Insert into FIVEJO1234.PURCHASE (PURCHASE_IDX,ITEM_IDX,MEMBER_IDX,PURCHASE_DATE,PURCHASE_STATUS) values (37,16,1,to_date('23/08/31','RR/MM/DD'),2);
Insert into FIVEJO1234.PURCHASE (PURCHASE_IDX,ITEM_IDX,MEMBER_IDX,PURCHASE_DATE,PURCHASE_STATUS) values (101,76,101,to_date('23/09/16','RR/MM/DD'),2);
Insert into FIVEJO1234.PURCHASE (PURCHASE_IDX,ITEM_IDX,MEMBER_IDX,PURCHASE_DATE,PURCHASE_STATUS) values (102,76,101,to_date('23/09/16','RR/MM/DD'),2);
Insert into FIVEJO1234.PURCHASE (PURCHASE_IDX,ITEM_IDX,MEMBER_IDX,PURCHASE_DATE,PURCHASE_STATUS) values (164,76,1,to_date('23/09/26','RR/MM/DD'),2);
Insert into FIVEJO1234.PURCHASE (PURCHASE_IDX,ITEM_IDX,MEMBER_IDX,PURCHASE_DATE,PURCHASE_STATUS) values (44,14,59,to_date('23/08/31','RR/MM/DD'),2);
Insert into FIVEJO1234.PURCHASE (PURCHASE_IDX,ITEM_IDX,MEMBER_IDX,PURCHASE_DATE,PURCHASE_STATUS) values (105,81,101,to_date('23/09/16','RR/MM/DD'),2);
Insert into FIVEJO1234.PURCHASE (PURCHASE_IDX,ITEM_IDX,MEMBER_IDX,PURCHASE_DATE,PURCHASE_STATUS) values (31,16,54,to_date('23/08/31','RR/MM/DD'),2);
Insert into FIVEJO1234.PURCHASE (PURCHASE_IDX,ITEM_IDX,MEMBER_IDX,PURCHASE_DATE,PURCHASE_STATUS) values (32,12,54,to_date('23/08/31','RR/MM/DD'),2);
Insert into FIVEJO1234.PURCHASE (PURCHASE_IDX,ITEM_IDX,MEMBER_IDX,PURCHASE_DATE,PURCHASE_STATUS) values (38,14,1,to_date('23/08/31','RR/MM/DD'),2);
Insert into FIVEJO1234.PURCHASE (PURCHASE_IDX,ITEM_IDX,MEMBER_IDX,PURCHASE_DATE,PURCHASE_STATUS) values (46,10,49,to_date('23/09/01','RR/MM/DD'),2);
Insert into FIVEJO1234.PURCHASE (PURCHASE_IDX,ITEM_IDX,MEMBER_IDX,PURCHASE_DATE,PURCHASE_STATUS) values (47,14,65,to_date('23/09/03','RR/MM/DD'),2);
Insert into FIVEJO1234.PURCHASE (PURCHASE_IDX,ITEM_IDX,MEMBER_IDX,PURCHASE_DATE,PURCHASE_STATUS) values (48,14,1,to_date('23/09/06','RR/MM/DD'),2);
Insert into FIVEJO1234.PURCHASE (PURCHASE_IDX,ITEM_IDX,MEMBER_IDX,PURCHASE_DATE,PURCHASE_STATUS) values (61,35,1,to_date('23/09/08','RR/MM/DD'),2);
Insert into FIVEJO1234.PURCHASE (PURCHASE_IDX,ITEM_IDX,MEMBER_IDX,PURCHASE_DATE,PURCHASE_STATUS) values (106,81,101,to_date('23/09/16','RR/MM/DD'),2);
Insert into FIVEJO1234.PURCHASE (PURCHASE_IDX,ITEM_IDX,MEMBER_IDX,PURCHASE_DATE,PURCHASE_STATUS) values (123,14,1,to_date('23/09/21','RR/MM/DD'),2);
Insert into FIVEJO1234.PURCHASE (PURCHASE_IDX,ITEM_IDX,MEMBER_IDX,PURCHASE_DATE,PURCHASE_STATUS) values (166,31,101,to_date('23/09/26','RR/MM/DD'),4);
Insert into FIVEJO1234.PURCHASE (PURCHASE_IDX,ITEM_IDX,MEMBER_IDX,PURCHASE_DATE,PURCHASE_STATUS) values (21,7,31,to_date('23/08/30','RR/MM/DD'),2);
Insert into FIVEJO1234.PURCHASE (PURCHASE_IDX,ITEM_IDX,MEMBER_IDX,PURCHASE_DATE,PURCHASE_STATUS) values (30,12,1,to_date('23/08/31','RR/MM/DD'),2);
Insert into FIVEJO1234.PURCHASE (PURCHASE_IDX,ITEM_IDX,MEMBER_IDX,PURCHASE_DATE,PURCHASE_STATUS) values (181,31,101,to_date('23/09/26','RR/MM/DD'),4);
Insert into FIVEJO1234.PURCHASE (PURCHASE_IDX,ITEM_IDX,MEMBER_IDX,PURCHASE_DATE,PURCHASE_STATUS) values (162,35,168,to_date('23/09/25','RR/MM/DD'),6);
Insert into FIVEJO1234.PURCHASE (PURCHASE_IDX,ITEM_IDX,MEMBER_IDX,PURCHASE_DATE,PURCHASE_STATUS) values (165,14,174,to_date('23/09/26','RR/MM/DD'),4);
Insert into FIVEJO1234.PURCHASE (PURCHASE_IDX,ITEM_IDX,MEMBER_IDX,PURCHASE_DATE,PURCHASE_STATUS) values (22,14,31,to_date('23/08/30','RR/MM/DD'),2);
Insert into FIVEJO1234.PURCHASE (PURCHASE_IDX,ITEM_IDX,MEMBER_IDX,PURCHASE_DATE,PURCHASE_STATUS) values (107,81,23,to_date('23/09/18','RR/MM/DD'),2);
REM INSERTING into FIVEJO1234.MEMBER
SET DEFINE OFF;
Insert into FIVEJO1234.MEMBER (MEMBER_IDX,ID,PASSWORD,EMAIL,MEMBER_DATE,MEMBER_STATUS,MEMBERFILE_NAME,LOGIN_DATE,CATEGORY_ONE,CATEGORY_TWO,CATEGORY_THREE,ENABLED) values (1,'sgwonbe212','$2a$10$NBMLY7xehIsKxgB3qTJ57.aElHwvtOYGC0XYfC4.VVBKJv0mObNrK','ws5502@naver.com',to_date('23/08/25','RR/MM/DD'),2,null,to_date('23/08/25','RR/MM/DD'),3,3,1,1);
Insert into FIVEJO1234.MEMBER (MEMBER_IDX,ID,PASSWORD,EMAIL,MEMBER_DATE,MEMBER_STATUS,MEMBERFILE_NAME,LOGIN_DATE,CATEGORY_ONE,CATEGORY_TWO,CATEGORY_THREE,ENABLED) values (37,'juhoon212','$2a$10$se4IQEOLZMPRX10U9qOwKe.zg2Z0VOTMMrc3GSMUMRvTx01DRSQB6','sgwonbe112@gmail.com',to_date('23/08/30','RR/MM/DD'),0,null,to_date('23/08/30','RR/MM/DD'),2,6,4,1);
Insert into FIVEJO1234.MEMBER (MEMBER_IDX,ID,PASSWORD,EMAIL,MEMBER_DATE,MEMBER_STATUS,MEMBERFILE_NAME,LOGIN_DATE,CATEGORY_ONE,CATEGORY_TWO,CATEGORY_THREE,ENABLED) values (51,'123','$2a$10$3Q2WVFKdYVT2WIJK.KTA/e3KNjkCgjvkFzh9MoBiXTYrszWy1tx0q','123@123',to_date('23/08/31','RR/MM/DD'),1,null,to_date('23/08/31','RR/MM/DD'),3,7,7,1);
Insert into FIVEJO1234.MEMBER (MEMBER_IDX,ID,PASSWORD,EMAIL,MEMBER_DATE,MEMBER_STATUS,MEMBERFILE_NAME,LOGIN_DATE,CATEGORY_ONE,CATEGORY_TWO,CATEGORY_THREE,ENABLED) values (57,'qkrgkdbs1995','$2a$10$eWKeJfNSZRU3z2F5HDUKkOc.7lbtERz7XxRmWypRdm1lSfPa7goBC','qkrgkdbs@ajou.ac.kr',to_date('23/08/31','RR/MM/DD'),1,null,to_date('23/08/31','RR/MM/DD'),1,3,8,1);
Insert into FIVEJO1234.MEMBER (MEMBER_IDX,ID,PASSWORD,EMAIL,MEMBER_DATE,MEMBER_STATUS,MEMBERFILE_NAME,LOGIN_DATE,CATEGORY_ONE,CATEGORY_TWO,CATEGORY_THREE,ENABLED) values (66,'gpals4431','$2a$10$L8kq5P0JCqcpppNphtuFeO0ntqLP.6PReBbt5jBhlYapNz/uDdDsq','gpals44@itwill.com',to_date('23/09/05','RR/MM/DD'),1,null,to_date('23/09/05','RR/MM/DD'),7,3,3,1);
Insert into FIVEJO1234.MEMBER (MEMBER_IDX,ID,PASSWORD,EMAIL,MEMBER_DATE,MEMBER_STATUS,MEMBERFILE_NAME,LOGIN_DATE,CATEGORY_ONE,CATEGORY_TWO,CATEGORY_THREE,ENABLED) values (82,'abcd123456','$2a$10$HySH5xruPNwTgFgdgtp74ezw03D5Ei5A04YyZUkMTaapEyvR8gQ6a','asd123@itwill.com',to_date('23/09/07','RR/MM/DD'),2,null,to_date('23/09/07','RR/MM/DD'),5,1,5,1);
Insert into FIVEJO1234.MEMBER (MEMBER_IDX,ID,PASSWORD,EMAIL,MEMBER_DATE,MEMBER_STATUS,MEMBERFILE_NAME,LOGIN_DATE,CATEGORY_ONE,CATEGORY_TWO,CATEGORY_THREE,ENABLED) values (95,'qq9','$2a$10$WhU10Gt1Sz.mUZaT7L.M8erfLTcNJslm.GdpY06H9QYgrSLHUifL6','qq1@naver.com',to_date('23/09/08','RR/MM/DD'),2,null,to_date('23/09/08','RR/MM/DD'),1,1,1,1);
Insert into FIVEJO1234.MEMBER (MEMBER_IDX,ID,PASSWORD,EMAIL,MEMBER_DATE,MEMBER_STATUS,MEMBERFILE_NAME,LOGIN_DATE,CATEGORY_ONE,CATEGORY_TWO,CATEGORY_THREE,ENABLED) values (184,'google_106537143813673969419','$2a$10$SNZry8J77cRNnBDUs0BUn.Ixuiq.CuysoNLTJHTkxNoiXre3y1lC6','jirun0113@gmail.com',to_date('23/09/25','RR/MM/DD'),1,null,to_date('23/09/25','RR/MM/DD'),1,1,1,1);
Insert into FIVEJO1234.MEMBER (MEMBER_IDX,ID,PASSWORD,EMAIL,MEMBER_DATE,MEMBER_STATUS,MEMBERFILE_NAME,LOGIN_DATE,CATEGORY_ONE,CATEGORY_TWO,CATEGORY_THREE,ENABLED) values (192,'pp9876','$2a$10$NT1rF3shXRQ6CqvQ28z.eeNTi2EqOjUFaQo.M/KuVFsKrbjJur1OG','pp9876@naver.com',to_date('23/09/25','RR/MM/DD'),2,null,to_date('23/09/25','RR/MM/DD'),1,5,3,1);
Insert into FIVEJO1234.MEMBER (MEMBER_IDX,ID,PASSWORD,EMAIL,MEMBER_DATE,MEMBER_STATUS,MEMBERFILE_NAME,LOGIN_DATE,CATEGORY_ONE,CATEGORY_TWO,CATEGORY_THREE,ENABLED) values (194,'google_111156989947541972899','$2a$10$2ZoUh77kSicmgqT0fsaxeOLehKZU5jIHtFwTUiFfJF9456eWgn5e2','chefcho22@gmail.com',to_date('23/09/26','RR/MM/DD'),2,null,to_date('23/09/26','RR/MM/DD'),1,1,1,1);
Insert into FIVEJO1234.MEMBER (MEMBER_IDX,ID,PASSWORD,EMAIL,MEMBER_DATE,MEMBER_STATUS,MEMBERFILE_NAME,LOGIN_DATE,CATEGORY_ONE,CATEGORY_TWO,CATEGORY_THREE,ENABLED) values (195,'google_113135032411802372127','$2a$10$FRLI9bFy84p20JOZnWlrs.174z82T9i8DQ9e8p.NoXso9xF0uAsQi','findusertest@gmail.com',to_date('23/09/26','RR/MM/DD'),2,null,to_date('23/09/26','RR/MM/DD'),1,1,1,1);
Insert into FIVEJO1234.MEMBER (MEMBER_IDX,ID,PASSWORD,EMAIL,MEMBER_DATE,MEMBER_STATUS,MEMBERFILE_NAME,LOGIN_DATE,CATEGORY_ONE,CATEGORY_TWO,CATEGORY_THREE,ENABLED) values (28,'assdf1234','$2a$10$sqF4I1Dk7rfYDH73OXxB0uLb1DPXwQscdgWFqzO2A4VNKOrlqnEGq','asdf1234@gmail.com',to_date('23/08/29','RR/MM/DD'),1,null,to_date('23/08/29','RR/MM/DD'),5,7,9,1);
Insert into FIVEJO1234.MEMBER (MEMBER_IDX,ID,PASSWORD,EMAIL,MEMBER_DATE,MEMBER_STATUS,MEMBERFILE_NAME,LOGIN_DATE,CATEGORY_ONE,CATEGORY_TWO,CATEGORY_THREE,ENABLED) values (31,'789ssy','$2a$10$RiXEC8QehZbxcDjtT7nPk.R47FFnDK8R8vGMyMNaU/MFsn9jw7Cf2','123@naver.com',to_date('23/08/29','RR/MM/DD'),2,null,to_date('23/08/29','RR/MM/DD'),10,10,10,1);
Insert into FIVEJO1234.MEMBER (MEMBER_IDX,ID,PASSWORD,EMAIL,MEMBER_DATE,MEMBER_STATUS,MEMBERFILE_NAME,LOGIN_DATE,CATEGORY_ONE,CATEGORY_TWO,CATEGORY_THREE,ENABLED) values (23,'asd123','$2a$10$CdLg5p0QA95OV.AnJPf4luYJLXmPbxYoMGfPeWkiGLxSnSvlngfMW','asd123@itwill.net',to_date('23/08/28','RR/MM/DD'),2,null,to_date('23/08/28','RR/MM/DD'),10,10,10,1);
Insert into FIVEJO1234.MEMBER (MEMBER_IDX,ID,PASSWORD,EMAIL,MEMBER_DATE,MEMBER_STATUS,MEMBERFILE_NAME,LOGIN_DATE,CATEGORY_ONE,CATEGORY_TWO,CATEGORY_THREE,ENABLED) values (33,'111','$2a$10$P4RCj7hMUnMVdvcZzMhZ3epwtZO99k5EpVX3VYA96IzekCdqs7NLe','123@123.COM',to_date('23/08/29','RR/MM/DD'),0,null,to_date('23/08/29','RR/MM/DD'),6,8,2,1);
Insert into FIVEJO1234.MEMBER (MEMBER_IDX,ID,PASSWORD,EMAIL,MEMBER_DATE,MEMBER_STATUS,MEMBERFILE_NAME,LOGIN_DATE,CATEGORY_ONE,CATEGORY_TWO,CATEGORY_THREE,ENABLED) values (173,'google_117990942679869560763','b6cf939e-fa29-4e68-a4a6-10c0c2546049','wegpals@gmail.com',to_date('23/09/23','RR/MM/DD'),2,null,to_date('23/09/23','RR/MM/DD'),1,1,1,1);
Insert into FIVEJO1234.MEMBER (MEMBER_IDX,ID,PASSWORD,EMAIL,MEMBER_DATE,MEMBER_STATUS,MEMBERFILE_NAME,LOGIN_DATE,CATEGORY_ONE,CATEGORY_TWO,CATEGORY_THREE,ENABLED) values (191,'pp1234','$2a$10$QiXsp1.DLTE10dBj4mx6fuO2GCQz5Kh3bDJFCTflLZ0CWH/4USLhW','pp1234@naver.com',to_date('23/09/25','RR/MM/DD'),2,null,to_date('23/09/25','RR/MM/DD'),3,3,3,1);
Insert into FIVEJO1234.MEMBER (MEMBER_IDX,ID,PASSWORD,EMAIL,MEMBER_DATE,MEMBER_STATUS,MEMBERFILE_NAME,LOGIN_DATE,CATEGORY_ONE,CATEGORY_TWO,CATEGORY_THREE,ENABLED) values (56,'eee','$2a$10$3fMUfaOlCix8ovgSeHlt3.o5/gz/uDr4AiU8sY2IA344W.1uAlVpK','eee@eee',to_date('23/08/31','RR/MM/DD'),0,null,to_date('23/08/31','RR/MM/DD'),1,7,9,1);
Insert into FIVEJO1234.MEMBER (MEMBER_IDX,ID,PASSWORD,EMAIL,MEMBER_DATE,MEMBER_STATUS,MEMBERFILE_NAME,LOGIN_DATE,CATEGORY_ONE,CATEGORY_TWO,CATEGORY_THREE,ENABLED) values (59,'hi123','$2a$10$xzq9i2ifv22rSUewuKxgIe.5TuyLX9O4ufwb2b1SRcW.Q.kHFygtG','hi@naver.com',to_date('23/08/31','RR/MM/DD'),1,null,to_date('23/08/31','RR/MM/DD'),3,1,5,1);
Insert into FIVEJO1234.MEMBER (MEMBER_IDX,ID,PASSWORD,EMAIL,MEMBER_DATE,MEMBER_STATUS,MEMBERFILE_NAME,LOGIN_DATE,CATEGORY_ONE,CATEGORY_TWO,CATEGORY_THREE,ENABLED) values (60,'hi212','$2a$10$OH3U9Jo9Agc4DCHgLe5gee21qKeNinCi.JwW9z.tGM6aymPR8imym','hi212@naver.com',to_date('23/08/31','RR/MM/DD'),1,null,to_date('23/08/31','RR/MM/DD'),5,5,3,1);
Insert into FIVEJO1234.MEMBER (MEMBER_IDX,ID,PASSWORD,EMAIL,MEMBER_DATE,MEMBER_STATUS,MEMBERFILE_NAME,LOGIN_DATE,CATEGORY_ONE,CATEGORY_TWO,CATEGORY_THREE,ENABLED) values (68,'testesttest','$2a$10$H5WkWgo1lg4DuzhBTJKbPOfoUMOocEHIvRmSioTXzYxweCBHcpExW','testtettest@naver.com',to_date('23/09/05','RR/MM/DD'),1,null,to_date('23/09/05','RR/MM/DD'),1,1,1,1);
Insert into FIVEJO1234.MEMBER (MEMBER_IDX,ID,PASSWORD,EMAIL,MEMBER_DATE,MEMBER_STATUS,MEMBERFILE_NAME,LOGIN_DATE,CATEGORY_ONE,CATEGORY_TWO,CATEGORY_THREE,ENABLED) values (198,'ii12345','$2a$10$i9U26j/m4CxZ1/Xr.PLrlOLCepnjnbDWf4BJoVbUgb3UtoDFH5FuK','ii123@itwill.com',to_date('23/09/26','RR/MM/DD'),2,null,to_date('23/09/26','RR/MM/DD'),1,5,1,1);
Insert into FIVEJO1234.MEMBER (MEMBER_IDX,ID,PASSWORD,EMAIL,MEMBER_DATE,MEMBER_STATUS,MEMBERFILE_NAME,LOGIN_DATE,CATEGORY_ONE,CATEGORY_TWO,CATEGORY_THREE,ENABLED) values (193,'oo1234','$2a$10$1lMbAL6uFKcHxlXVYAWaveylX.pnipaDgSM842ro0rejPO/27p5We','oo1234@naver.com',to_date('23/09/25','RR/MM/DD'),2,null,to_date('23/09/25','RR/MM/DD'),1,3,1,1);
Insert into FIVEJO1234.MEMBER (MEMBER_IDX,ID,PASSWORD,EMAIL,MEMBER_DATE,MEMBER_STATUS,MEMBERFILE_NAME,LOGIN_DATE,CATEGORY_ONE,CATEGORY_TWO,CATEGORY_THREE,ENABLED) values (202,'kakao_민환','$2a$10$lH3FPba09RE4aijWLtPHxejWQUTQ0TZosTv7WiP8I18jZeTQEXVQ2','chefcho22@gmail.com',to_date('23/09/26','RR/MM/DD'),2,null,to_date('23/09/26','RR/MM/DD'),11,11,11,1);
Insert into FIVEJO1234.MEMBER (MEMBER_IDX,ID,PASSWORD,EMAIL,MEMBER_DATE,MEMBER_STATUS,MEMBERFILE_NAME,LOGIN_DATE,CATEGORY_ONE,CATEGORY_TWO,CATEGORY_THREE,ENABLED) values (13,'qwer1234','$2a$10$nXwvYxtrgFdJHMavvEtIQu8QRCAdPt7IPRywSKwxB96rOjqbCZif2','qwer@qwer.qwer',to_date('23/08/27','RR/MM/DD'),0,null,to_date('23/08/27','RR/MM/DD'),2,8,10,1);
Insert into FIVEJO1234.MEMBER (MEMBER_IDX,ID,PASSWORD,EMAIL,MEMBER_DATE,MEMBER_STATUS,MEMBERFILE_NAME,LOGIN_DATE,CATEGORY_ONE,CATEGORY_TWO,CATEGORY_THREE,ENABLED) values (16,'abc123','$2a$10$mIn1Tq7.1SyWgOIw5bVNouYEjW16qkgGa8WFdy27yom.da.rNG6A2','abc123@itwill.com',to_date('23/08/27','RR/MM/DD'),9,null,to_date('23/08/27','RR/MM/DD'),10,10,10,1);
Insert into FIVEJO1234.MEMBER (MEMBER_IDX,ID,PASSWORD,EMAIL,MEMBER_DATE,MEMBER_STATUS,MEMBERFILE_NAME,LOGIN_DATE,CATEGORY_ONE,CATEGORY_TWO,CATEGORY_THREE,ENABLED) values (24,'ws5501','$2a$10$xAaLdoygvNbDl3S1gyN4GudeboUwiqq0h4qJnxAN9eLGE9N85e.w2','sgwonbe212@gmail.com',to_date('23/08/28','RR/MM/DD'),1,null,to_date('23/08/28','RR/MM/DD'),1,6,4,1);
Insert into FIVEJO1234.MEMBER (MEMBER_IDX,ID,PASSWORD,EMAIL,MEMBER_DATE,MEMBER_STATUS,MEMBERFILE_NAME,LOGIN_DATE,CATEGORY_ONE,CATEGORY_TWO,CATEGORY_THREE,ENABLED) values (25,'qkrgkdbs95','$2a$10$h1kg4TrYHfsK5ECVjOvE0OqAopCC5D18Ax8bI.ZoyPzJ3nWmY6iVq','qkrgkdbs@ajou.ac.kr',to_date('23/08/29','RR/MM/DD'),2,null,to_date('23/08/29','RR/MM/DD'),10,10,10,1);
Insert into FIVEJO1234.MEMBER (MEMBER_IDX,ID,PASSWORD,EMAIL,MEMBER_DATE,MEMBER_STATUS,MEMBERFILE_NAME,LOGIN_DATE,CATEGORY_ONE,CATEGORY_TWO,CATEGORY_THREE,ENABLED) values (32,'123123','$2a$10$7kka8ud/SC59cSUyA.MUgOZNvSHo4AR88uo7cwyEs5I/9G3m8AGES','qwe123@naver.com',to_date('23/08/29','RR/MM/DD'),0,null,to_date('23/08/29','RR/MM/DD'),4,8,10,1);
Insert into FIVEJO1234.MEMBER (MEMBER_IDX,ID,PASSWORD,EMAIL,MEMBER_DATE,MEMBER_STATUS,MEMBERFILE_NAME,LOGIN_DATE,CATEGORY_ONE,CATEGORY_TWO,CATEGORY_THREE,ENABLED) values (34,'zxcv1234','$2a$10$FoDDZa9wGKMm4sL40awweOTDV9CjfsTzC8rkhqB6qPAmtha7aw.CS','asdf@asdf',to_date('23/08/29','RR/MM/DD'),0,null,to_date('23/08/29','RR/MM/DD'),4,10,7,1);
Insert into FIVEJO1234.MEMBER (MEMBER_IDX,ID,PASSWORD,EMAIL,MEMBER_DATE,MEMBER_STATUS,MEMBERFILE_NAME,LOGIN_DATE,CATEGORY_ONE,CATEGORY_TWO,CATEGORY_THREE,ENABLED) values (35,'qwe123','$2a$10$2xZ.CXmI2VjRdXC2UyVhG.52x156xUOdQt28pknov.U4QGUE2Pc.u','qwe123@qwe.net',to_date('23/08/29','RR/MM/DD'),1,null,to_date('23/08/29','RR/MM/DD'),1,3,3,1);
Insert into FIVEJO1234.MEMBER (MEMBER_IDX,ID,PASSWORD,EMAIL,MEMBER_DATE,MEMBER_STATUS,MEMBERFILE_NAME,LOGIN_DATE,CATEGORY_ONE,CATEGORY_TWO,CATEGORY_THREE,ENABLED) values (38,'zxc123','$2a$10$RUWM04OJ4OnHFUVzuMRF2uWMrF3mAONFv1DTw4cjGnkrYsJVa70DS','zcx@naver.com',to_date('23/08/30','RR/MM/DD'),1,null,to_date('23/08/30','RR/MM/DD'),4,6,6,1);
Insert into FIVEJO1234.MEMBER (MEMBER_IDX,ID,PASSWORD,EMAIL,MEMBER_DATE,MEMBER_STATUS,MEMBERFILE_NAME,LOGIN_DATE,CATEGORY_ONE,CATEGORY_TWO,CATEGORY_THREE,ENABLED) values (49,'testtest','$2a$10$Thy7UKFWV7MMyW4/GOPTl.VgzhKdcH4z7zYCc0eEIWDtxmyIO/5ry','test@naver.com',to_date('23/08/31','RR/MM/DD'),1,null,to_date('23/08/31','RR/MM/DD'),1,3,1,1);
Insert into FIVEJO1234.MEMBER (MEMBER_IDX,ID,PASSWORD,EMAIL,MEMBER_DATE,MEMBER_STATUS,MEMBERFILE_NAME,LOGIN_DATE,CATEGORY_ONE,CATEGORY_TWO,CATEGORY_THREE,ENABLED) values (53,'qwer1234','$2a$10$v2lxGYJkgk9HVwIJlrjk0.8rZ6YHShc5ezL32gpZJOr7xg5JRp.iW','qwer1234@naver.com',to_date('23/08/31','RR/MM/DD'),0,null,to_date('23/08/31','RR/MM/DD'),1,3,5,1);
Insert into FIVEJO1234.MEMBER (MEMBER_IDX,ID,PASSWORD,EMAIL,MEMBER_DATE,MEMBER_STATUS,MEMBERFILE_NAME,LOGIN_DATE,CATEGORY_ONE,CATEGORY_TWO,CATEGORY_THREE,ENABLED) values (54,'qqq','$2a$10$QSvnlEUegMkgwByzMEGqt.ATGGt5koZueE9cDX5s0V7rPfnRWnhDm','qqq',to_date('23/08/31','RR/MM/DD'),2,null,to_date('23/08/31','RR/MM/DD'),3,7,5,1);
Insert into FIVEJO1234.MEMBER (MEMBER_IDX,ID,PASSWORD,EMAIL,MEMBER_DATE,MEMBER_STATUS,MEMBERFILE_NAME,LOGIN_DATE,CATEGORY_ONE,CATEGORY_TWO,CATEGORY_THREE,ENABLED) values (174,'kakao_윤주훈','4645c2ba-21f6-4d3a-8775-8ded61334bf3','ws5503@naver.com',to_date('23/09/23','RR/MM/DD'),2,null,to_date('23/09/23','RR/MM/DD'),11,11,11,1);
Insert into FIVEJO1234.MEMBER (MEMBER_IDX,ID,PASSWORD,EMAIL,MEMBER_DATE,MEMBER_STATUS,MEMBERFILE_NAME,LOGIN_DATE,CATEGORY_ONE,CATEGORY_TWO,CATEGORY_THREE,ENABLED) values (61,'dfg123','$2a$10$RyyI0v77CxuXfDsfEgh0yu72qaeEzCLclmqFSMfAcR.5IaVPomLMW','dfg123@naver.com',to_date('23/08/31','RR/MM/DD'),0,null,to_date('23/08/31','RR/MM/DD'),3,5,3,1);
Insert into FIVEJO1234.MEMBER (MEMBER_IDX,ID,PASSWORD,EMAIL,MEMBER_DATE,MEMBER_STATUS,MEMBERFILE_NAME,LOGIN_DATE,CATEGORY_ONE,CATEGORY_TWO,CATEGORY_THREE,ENABLED) values (62,'qqq','$2a$10$i/0Vdt1ZVJRdXbml/gDj1OUCYqlCViZagEOHgvJ3tdEvChgEhvkSO','qqq',to_date('23/09/02','RR/MM/DD'),1,null,to_date('23/09/02','RR/MM/DD'),5,7,1,1);
Insert into FIVEJO1234.MEMBER (MEMBER_IDX,ID,PASSWORD,EMAIL,MEMBER_DATE,MEMBER_STATUS,MEMBERFILE_NAME,LOGIN_DATE,CATEGORY_ONE,CATEGORY_TWO,CATEGORY_THREE,ENABLED) values (63,'qqqq','$2a$10$gGL1eNrB4ireeqm9NdXJjO196AYMKrmbnZw7pSa/lqn6gGjGmrktm','qqqq',to_date('23/09/02','RR/MM/DD'),1,null,to_date('23/09/02','RR/MM/DD'),5,3,1,1);
Insert into FIVEJO1234.MEMBER (MEMBER_IDX,ID,PASSWORD,EMAIL,MEMBER_DATE,MEMBER_STATUS,MEMBERFILE_NAME,LOGIN_DATE,CATEGORY_ONE,CATEGORY_TWO,CATEGORY_THREE,ENABLED) values (64,'gpals44','$2a$10$GZ2.8PGVEyNsQ2HjPaSo9./rS5LmL6GC4hXtWNT7xFTC3j8N987xi','gpals44@itwill.com',to_date('23/09/03','RR/MM/DD'),2,null,to_date('23/09/03','RR/MM/DD'),5,3,3,1);
Insert into FIVEJO1234.MEMBER (MEMBER_IDX,ID,PASSWORD,EMAIL,MEMBER_DATE,MEMBER_STATUS,MEMBERFILE_NAME,LOGIN_DATE,CATEGORY_ONE,CATEGORY_TWO,CATEGORY_THREE,ENABLED) values (65,'whalsghks','$2a$10$9z9PPH9L1TTTBpbwsEnrjuHevmingMFYqpiJceId0nUHGQVE2yR0y','ㅋㅋ',to_date('23/09/03','RR/MM/DD'),0,null,to_date('23/09/03','RR/MM/DD'),8,2,6,1);
Insert into FIVEJO1234.MEMBER (MEMBER_IDX,ID,PASSWORD,EMAIL,MEMBER_DATE,MEMBER_STATUS,MEMBERFILE_NAME,LOGIN_DATE,CATEGORY_ONE,CATEGORY_TWO,CATEGORY_THREE,ENABLED) values (67,'양정인','$2a$10$IQiPBTrhmFZnDz8LBpnm4ur.KpNdtPVbmpBhNtTXSz5MapKxC2WPq','yangjung0326@gmail.com',to_date('23/09/05','RR/MM/DD'),1,null,to_date('23/09/05','RR/MM/DD'),3,3,1,1);
Insert into FIVEJO1234.MEMBER (MEMBER_IDX,ID,PASSWORD,EMAIL,MEMBER_DATE,MEMBER_STATUS,MEMBERFILE_NAME,LOGIN_DATE,CATEGORY_ONE,CATEGORY_TWO,CATEGORY_THREE,ENABLED) values (79,'aaa234','$2a$10$Ix//el3M0SoJ8LP9b9ADKOG/3bPSBaxq9MR3Hn5YLdGVYDM6au4QS','asd123@itwill.com',to_date('23/09/07','RR/MM/DD'),2,null,to_date('23/09/07','RR/MM/DD'),1,1,3,1);
Insert into FIVEJO1234.MEMBER (MEMBER_IDX,ID,PASSWORD,EMAIL,MEMBER_DATE,MEMBER_STATUS,MEMBERFILE_NAME,LOGIN_DATE,CATEGORY_ONE,CATEGORY_TWO,CATEGORY_THREE,ENABLED) values (75,'asd1234','$2a$10$4gebYR0.kN1KeYv6SS/l9OxKDZPP74iAow2WJeWIPEBuJHotlo/du','asd1234@itwm.com',to_date('23/09/06','RR/MM/DD'),2,null,to_date('23/09/06','RR/MM/DD'),1,1,1,1);
Insert into FIVEJO1234.MEMBER (MEMBER_IDX,ID,PASSWORD,EMAIL,MEMBER_DATE,MEMBER_STATUS,MEMBERFILE_NAME,LOGIN_DATE,CATEGORY_ONE,CATEGORY_TWO,CATEGORY_THREE,ENABLED) values (80,'zz123','$2a$10$bBTWnyWIaj3IJ4HF4sgDXeePVIJezMNO8L./gsDDTvn3wUNaNthj.','zxc1234@naver.com',to_date('23/09/07','RR/MM/DD'),2,null,to_date('23/09/07','RR/MM/DD'),5,3,3,1);
Insert into FIVEJO1234.MEMBER (MEMBER_IDX,ID,PASSWORD,EMAIL,MEMBER_DATE,MEMBER_STATUS,MEMBERFILE_NAME,LOGIN_DATE,CATEGORY_ONE,CATEGORY_TWO,CATEGORY_THREE,ENABLED) values (81,'abcd12345','$2a$10$Wkjz99YXUCSbEi.Q2SvWo.N3O.33Ag0THdASSr4JBkIkgQhPfOplO','qwe1234@itwii.com',to_date('23/09/07','RR/MM/DD'),2,null,to_date('23/09/07','RR/MM/DD'),5,3,3,1);
Insert into FIVEJO1234.MEMBER (MEMBER_IDX,ID,PASSWORD,EMAIL,MEMBER_DATE,MEMBER_STATUS,MEMBERFILE_NAME,LOGIN_DATE,CATEGORY_ONE,CATEGORY_TWO,CATEGORY_THREE,ENABLED) values (83,'hhh123','$2a$10$JsUDQbxxmaHXQmUHpKtw7e6glSGBST.3fODHyGcQjsayBxl4O2Zci','qwe1234@itwii.com',to_date('23/09/07','RR/MM/DD'),2,null,to_date('23/09/07','RR/MM/DD'),1,3,3,1);
Insert into FIVEJO1234.MEMBER (MEMBER_IDX,ID,PASSWORD,EMAIL,MEMBER_DATE,MEMBER_STATUS,MEMBERFILE_NAME,LOGIN_DATE,CATEGORY_ONE,CATEGORY_TWO,CATEGORY_THREE,ENABLED) values (84,'fff1234','$2a$10$VY0NVHHNdWPO9ydrFymerO2SRbtZhlXtdJwvlSerhdFS2mcimbsda','asd123@itwill.com',to_date('23/09/07','RR/MM/DD'),1,null,to_date('23/09/07','RR/MM/DD'),5,3,3,1);
Insert into FIVEJO1234.MEMBER (MEMBER_IDX,ID,PASSWORD,EMAIL,MEMBER_DATE,MEMBER_STATUS,MEMBERFILE_NAME,LOGIN_DATE,CATEGORY_ONE,CATEGORY_TWO,CATEGORY_THREE,ENABLED) values (85,'gpals','$2a$10$8nd8F4u.w//Fa5Cy6f/8bO0Mj62R36BBjJaEiWjNDnKqygOJ.Wj/G','gpals44@itwill.com',to_date('23/09/07','RR/MM/DD'),2,null,to_date('23/09/07','RR/MM/DD'),3,1,3,1);
Insert into FIVEJO1234.MEMBER (MEMBER_IDX,ID,PASSWORD,EMAIL,MEMBER_DATE,MEMBER_STATUS,MEMBERFILE_NAME,LOGIN_DATE,CATEGORY_ONE,CATEGORY_TWO,CATEGORY_THREE,ENABLED) values (86,'qq1','$2a$10$gxubfXmXpyL1gG8/.oFpeO/CBL51sSrMa434uqBTCi63AlIK.QC/W','qq1@naver.com',to_date('23/09/08','RR/MM/DD'),2,null,to_date('23/09/08','RR/MM/DD'),5,5,5,1);
Insert into FIVEJO1234.MEMBER (MEMBER_IDX,ID,PASSWORD,EMAIL,MEMBER_DATE,MEMBER_STATUS,MEMBERFILE_NAME,LOGIN_DATE,CATEGORY_ONE,CATEGORY_TWO,CATEGORY_THREE,ENABLED) values (87,'qq2','$2a$10$Rkra9BnuX8zYQhds8ZyFWeqcNy4gPdhqpB182NfHZtusoa/er8oty','qq1@naver.com',to_date('23/09/08','RR/MM/DD'),2,null,to_date('23/09/08','RR/MM/DD'),3,3,3,1);
Insert into FIVEJO1234.MEMBER (MEMBER_IDX,ID,PASSWORD,EMAIL,MEMBER_DATE,MEMBER_STATUS,MEMBERFILE_NAME,LOGIN_DATE,CATEGORY_ONE,CATEGORY_TWO,CATEGORY_THREE,ENABLED) values (88,'qq3','$2a$10$4vcMw4Rkn.urSSSyMxBq8uUDcsPZQT5iRZ7d8NkOuH7BRmitOmMfS','qq1@naver.com',to_date('23/09/08','RR/MM/DD'),2,null,to_date('23/09/08','RR/MM/DD'),3,5,3,1);
Insert into FIVEJO1234.MEMBER (MEMBER_IDX,ID,PASSWORD,EMAIL,MEMBER_DATE,MEMBER_STATUS,MEMBERFILE_NAME,LOGIN_DATE,CATEGORY_ONE,CATEGORY_TWO,CATEGORY_THREE,ENABLED) values (89,'qq4','$2a$10$8ebdGt9fOiEqXIJUrSt.q.v/qv8l4OdKxzsQXMTRddWXxb4cUAQq6','qq1@naver.com',to_date('23/09/08','RR/MM/DD'),2,null,to_date('23/09/08','RR/MM/DD'),1,3,1,1);
Insert into FIVEJO1234.MEMBER (MEMBER_IDX,ID,PASSWORD,EMAIL,MEMBER_DATE,MEMBER_STATUS,MEMBERFILE_NAME,LOGIN_DATE,CATEGORY_ONE,CATEGORY_TWO,CATEGORY_THREE,ENABLED) values (90,'qq5','$2a$10$bo78CNtFBv5NAtBiYNMJJONUcoiDMnaVrlI.mWTbLjeTVuWBgyiH.','qq1@naver.com',to_date('23/09/08','RR/MM/DD'),2,null,to_date('23/09/08','RR/MM/DD'),3,3,3,1);
Insert into FIVEJO1234.MEMBER (MEMBER_IDX,ID,PASSWORD,EMAIL,MEMBER_DATE,MEMBER_STATUS,MEMBERFILE_NAME,LOGIN_DATE,CATEGORY_ONE,CATEGORY_TWO,CATEGORY_THREE,ENABLED) values (92,'qq7','$2a$10$VEbIGUQTFk/AYjdtCK5Iq.Ya9WR67pclRr7a86nui3lHYXCMhGOUC','qq1@naver.com',to_date('23/09/08','RR/MM/DD'),1,null,to_date('23/09/08','RR/MM/DD'),3,1,1,1);
Insert into FIVEJO1234.MEMBER (MEMBER_IDX,ID,PASSWORD,EMAIL,MEMBER_DATE,MEMBER_STATUS,MEMBERFILE_NAME,LOGIN_DATE,CATEGORY_ONE,CATEGORY_TWO,CATEGORY_THREE,ENABLED) values (93,'qq7','$2a$10$pLADJodSqpJ5FDO9FKejqetWHngN0EO4vzqPqkwctQypF4x8Lj2V2','qq1@naver.com',to_date('23/09/08','RR/MM/DD'),1,null,to_date('23/09/08','RR/MM/DD'),3,1,1,1);
Insert into FIVEJO1234.MEMBER (MEMBER_IDX,ID,PASSWORD,EMAIL,MEMBER_DATE,MEMBER_STATUS,MEMBERFILE_NAME,LOGIN_DATE,CATEGORY_ONE,CATEGORY_TWO,CATEGORY_THREE,ENABLED) values (94,'qq8','$2a$10$1kjJaqVT1NCuq3ZOl9EJhekAaFh1MWBrt8KdoxLMlGZMMmzggx9kO','qq1@naver.com',to_date('23/09/08','RR/MM/DD'),2,null,to_date('23/09/08','RR/MM/DD'),1,3,3,1);
Insert into FIVEJO1234.MEMBER (MEMBER_IDX,ID,PASSWORD,EMAIL,MEMBER_DATE,MEMBER_STATUS,MEMBERFILE_NAME,LOGIN_DATE,CATEGORY_ONE,CATEGORY_TWO,CATEGORY_THREE,ENABLED) values (102,'qq10','$2a$10$rqrfM1RD9hkQ6YAT9/tVruotGxH7/0YdCsMT1t7V9qyNHH4.tnTo.','qq1@naver.com',to_date('23/09/11','RR/MM/DD'),1,null,to_date('23/09/11','RR/MM/DD'),1,1,1,1);
Insert into FIVEJO1234.MEMBER (MEMBER_IDX,ID,PASSWORD,EMAIL,MEMBER_DATE,MEMBER_STATUS,MEMBERFILE_NAME,LOGIN_DATE,CATEGORY_ONE,CATEGORY_TWO,CATEGORY_THREE,ENABLED) values (103,'qq10','$2a$10$q6TvySMLDgm.VetHyYHm7uCNc0NPuarVJfI/K8HplXlJJ.xhfloMy','qq1@naver.com',to_date('23/09/11','RR/MM/DD'),1,null,to_date('23/09/11','RR/MM/DD'),1,1,1,1);
Insert into FIVEJO1234.MEMBER (MEMBER_IDX,ID,PASSWORD,EMAIL,MEMBER_DATE,MEMBER_STATUS,MEMBERFILE_NAME,LOGIN_DATE,CATEGORY_ONE,CATEGORY_TWO,CATEGORY_THREE,ENABLED) values (104,'qq11','$2a$10$hPRwS3IsKwHxontqLaxDSeokMjyrlBUTM9lWJOrNve0XRVz5iHxHy','qq1@naver.com',to_date('23/09/11','RR/MM/DD'),1,null,to_date('23/09/11','RR/MM/DD'),1,1,1,1);
Insert into FIVEJO1234.MEMBER (MEMBER_IDX,ID,PASSWORD,EMAIL,MEMBER_DATE,MEMBER_STATUS,MEMBERFILE_NAME,LOGIN_DATE,CATEGORY_ONE,CATEGORY_TWO,CATEGORY_THREE,ENABLED) values (148,'rrr111','rrr111@@','rrr111@rrr.rrr',to_date('23/09/20','RR/MM/DD'),1,null,to_date('23/09/20','RR/MM/DD'),6,7,1,1);
Insert into FIVEJO1234.MEMBER (MEMBER_IDX,ID,PASSWORD,EMAIL,MEMBER_DATE,MEMBER_STATUS,MEMBERFILE_NAME,LOGIN_DATE,CATEGORY_ONE,CATEGORY_TWO,CATEGORY_THREE,ENABLED) values (149,'rrr1111','rrr111!!','rrr1111@rrr.rrr',to_date('23/09/20','RR/MM/DD'),1,null,to_date('23/09/20','RR/MM/DD'),3,1,8,1);
Insert into FIVEJO1234.MEMBER (MEMBER_IDX,ID,PASSWORD,EMAIL,MEMBER_DATE,MEMBER_STATUS,MEMBERFILE_NAME,LOGIN_DATE,CATEGORY_ONE,CATEGORY_TWO,CATEGORY_THREE,ENABLED) values (168,'naver_xYUdR2rWcR_oFEz1xJd0xwmrZO90FcP4VQ5QH7wt3tQ','588d659d-a055-449a-a7aa-5eeca5ff3ce3','null@hanmail.net',to_date('23/09/22','RR/MM/DD'),2,null,to_date('23/09/22','RR/MM/DD'),1,2,3,1);
Insert into FIVEJO1234.MEMBER (MEMBER_IDX,ID,PASSWORD,EMAIL,MEMBER_DATE,MEMBER_STATUS,MEMBERFILE_NAME,LOGIN_DATE,CATEGORY_ONE,CATEGORY_TWO,CATEGORY_THREE,ENABLED) values (172,'google_110588030174201337914','3a21ae8f-4e26-4584-af60-e184ba0848e6','gpals9876@gmail.com',to_date('23/09/22','RR/MM/DD'),2,null,to_date('23/09/22','RR/MM/DD'),1,1,1,1);
Insert into FIVEJO1234.MEMBER (MEMBER_IDX,ID,PASSWORD,EMAIL,MEMBER_DATE,MEMBER_STATUS,MEMBERFILE_NAME,LOGIN_DATE,CATEGORY_ONE,CATEGORY_TWO,CATEGORY_THREE,ENABLED) values (182,'asd12345','$2a$10$G8KdMv4tOH6YNx6Qps6ilu47I7J/QmqED3Jrcl6qrYB8Pc5fWClM2','asd12345@asd.com',to_date('23/09/25','RR/MM/DD'),1,null,to_date('23/09/25','RR/MM/DD'),7,5,9,1);
Insert into FIVEJO1234.MEMBER (MEMBER_IDX,ID,PASSWORD,EMAIL,MEMBER_DATE,MEMBER_STATUS,MEMBERFILE_NAME,LOGIN_DATE,CATEGORY_ONE,CATEGORY_TWO,CATEGORY_THREE,ENABLED) values (199,'uu1234','$2a$10$xGbKip1UlyWTwqMrhNxGnOxb3uV7IMXSwOw96B557nfeXrkgnvJ2e','uu123@itwill.com',to_date('23/09/26','RR/MM/DD'),2,null,to_date('23/09/26','RR/MM/DD'),5,3,1,1);
Insert into FIVEJO1234.MEMBER (MEMBER_IDX,ID,PASSWORD,EMAIL,MEMBER_DATE,MEMBER_STATUS,MEMBERFILE_NAME,LOGIN_DATE,CATEGORY_ONE,CATEGORY_TWO,CATEGORY_THREE,ENABLED) values (200,'234ssy','$2a$10$MzTODOVIfEWhLtuKKulv3eVCA6B7rcIykCDEonls9iej6iEvwyOQK','3437ssy@naver.com',to_date('23/09/26','RR/MM/DD'),1,null,to_date('23/09/26','RR/MM/DD'),3,5,1,1);
Insert into FIVEJO1234.MEMBER (MEMBER_IDX,ID,PASSWORD,EMAIL,MEMBER_DATE,MEMBER_STATUS,MEMBERFILE_NAME,LOGIN_DATE,CATEGORY_ONE,CATEGORY_TWO,CATEGORY_THREE,ENABLED) values (201,'yy1234','$2a$10$PqebEt44QvPxhei2BXtxRe05Vm7xXXX7Fxgtz/r2wDUJz7JADzpRq','yy123@itwillcom',to_date('23/09/26','RR/MM/DD'),2,null,to_date('23/09/26','RR/MM/DD'),1,1,1,1);
Insert into FIVEJO1234.MEMBER (MEMBER_IDX,ID,PASSWORD,EMAIL,MEMBER_DATE,MEMBER_STATUS,MEMBERFILE_NAME,LOGIN_DATE,CATEGORY_ONE,CATEGORY_TWO,CATEGORY_THREE,ENABLED) values (91,'qq6','$2a$10$Wa29/wA7v4b1m9l9efHeK.8HFB3uWVGgFtA4JdV1B9X4iqoE2C86C','qq1@naver.com',to_date('23/09/08','RR/MM/DD'),0,null,to_date('23/09/08','RR/MM/DD'),3,3,1,1);
Insert into FIVEJO1234.MEMBER (MEMBER_IDX,ID,PASSWORD,EMAIL,MEMBER_DATE,MEMBER_STATUS,MEMBERFILE_NAME,LOGIN_DATE,CATEGORY_ONE,CATEGORY_TWO,CATEGORY_THREE,ENABLED) values (181,'asdf1234','asdf1234@@','asdf1234@asdf.asdf',to_date('23/09/25','RR/MM/DD'),1,null,to_date('23/09/25','RR/MM/DD'),5,7,3,1);
Insert into FIVEJO1234.MEMBER (MEMBER_IDX,ID,PASSWORD,EMAIL,MEMBER_DATE,MEMBER_STATUS,MEMBERFILE_NAME,LOGIN_DATE,CATEGORY_ONE,CATEGORY_TWO,CATEGORY_THREE,ENABLED) values (101,'123ssy','$2a$10$Ni.dzqhlYZW3Tbz0c6EWyuwtks6Xvn43nSRfOyXyVukjG/ATqkqnO','3437ssy@naver.com',to_date('23/09/10','RR/MM/DD'),2,null,to_date('23/09/10','RR/MM/DD'),3,3,3,1);
Insert into FIVEJO1234.MEMBER (MEMBER_IDX,ID,PASSWORD,EMAIL,MEMBER_DATE,MEMBER_STATUS,MEMBERFILE_NAME,LOGIN_DATE,CATEGORY_ONE,CATEGORY_TWO,CATEGORY_THREE,ENABLED) values (147,'qqq123','qqq123@@','qqq123@qqq.qqq',to_date('23/09/20','RR/MM/DD'),1,null,to_date('23/09/20','RR/MM/DD'),6,3,10,1);
Insert into FIVEJO1234.MEMBER (MEMBER_IDX,ID,PASSWORD,EMAIL,MEMBER_DATE,MEMBER_STATUS,MEMBERFILE_NAME,LOGIN_DATE,CATEGORY_ONE,CATEGORY_TWO,CATEGORY_THREE,ENABLED) values (183,'hi1234','$2a$10$xlc8DRMzJu8SwRBEAK4nP.glRBdCVnECL3mmNy9.viwlPqZJUVOaO','hi1234@naver.com',to_date('23/09/25','RR/MM/DD'),2,null,to_date('23/09/25','RR/MM/DD'),5,1,3,1);
Insert into FIVEJO1234.MEMBER (MEMBER_IDX,ID,PASSWORD,EMAIL,MEMBER_DATE,MEMBER_STATUS,MEMBERFILE_NAME,LOGIN_DATE,CATEGORY_ONE,CATEGORY_TWO,CATEGORY_THREE,ENABLED) values (188,'google_106537143813673969419','$2a$10$lgOQ7efIP5V0HohmmxPUEebAI/XLXPopf/VDsuZhciiWcEGDPE5ki','jirun0113@gmail.com',to_date('23/09/25','RR/MM/DD'),1,null,to_date('23/09/25','RR/MM/DD'),1,1,1,1);
Insert into FIVEJO1234.MEMBER (MEMBER_IDX,ID,PASSWORD,EMAIL,MEMBER_DATE,MEMBER_STATUS,MEMBERFILE_NAME,LOGIN_DATE,CATEGORY_ONE,CATEGORY_TWO,CATEGORY_THREE,ENABLED) values (196,'kakao_조혜민','$2a$10$81y7H5CMaiLvyKApsPhpLuQIiMKfpn03kH2J6G4d9Vd/fNUc9wF3i','gpalsqkqk@daum.net',to_date('23/09/26','RR/MM/DD'),1,null,to_date('23/09/26','RR/MM/DD'),11,11,11,1);
Insert into FIVEJO1234.MEMBER (MEMBER_IDX,ID,PASSWORD,EMAIL,MEMBER_DATE,MEMBER_STATUS,MEMBERFILE_NAME,LOGIN_DATE,CATEGORY_ONE,CATEGORY_TWO,CATEGORY_THREE,ENABLED) values (197,'google_110456812873759616451','$2a$10$hlxctLspbozPjk7kjWH7x.83ax3RSlMcxOWSH7sNb32wW9CTsqD7S','sgwonbe212@gmail.com',to_date('23/09/26','RR/MM/DD'),1,null,to_date('23/09/26','RR/MM/DD'),1,1,1,1);
Insert into FIVEJO1234.MEMBER (MEMBER_IDX,ID,PASSWORD,EMAIL,MEMBER_DATE,MEMBER_STATUS,MEMBERFILE_NAME,LOGIN_DATE,CATEGORY_ONE,CATEGORY_TWO,CATEGORY_THREE,ENABLED) values (189,'google_106537143813673969419','$2a$10$Ug9MjY.RhPcwLg3JWzWTyunRZzcXIshB6ktHauYVYxJxCYP5T/PdC','jirun0113@gmail.com',to_date('23/09/25','RR/MM/DD'),1,null,to_date('23/09/25','RR/MM/DD'),1,1,1,1);
Insert into FIVEJO1234.MEMBER (MEMBER_IDX,ID,PASSWORD,EMAIL,MEMBER_DATE,MEMBER_STATUS,MEMBERFILE_NAME,LOGIN_DATE,CATEGORY_ONE,CATEGORY_TWO,CATEGORY_THREE,ENABLED) values (17,'sgwonbe9854','$2a$10$w5mxKLPKFhq0SEPYL7aURu1ziR9amr3b5NSchfsExOfPlrtmjzgPy','sgwonbe212@gmail.com',to_date('23/08/27','RR/MM/DD'),2,null,to_date('23/08/27','RR/MM/DD'),4,6,2,1);
Insert into FIVEJO1234.MEMBER (MEMBER_IDX,ID,PASSWORD,EMAIL,MEMBER_DATE,MEMBER_STATUS,MEMBERFILE_NAME,LOGIN_DATE,CATEGORY_ONE,CATEGORY_TWO,CATEGORY_THREE,ENABLED) values (36,'deedede','$2a$10$lXDjWk1Wxlh1DaE9CckoP.ffxc1JAYrLLoCngdxMXRJzrxeU1Aks2','ded@nabve.com',to_date('23/08/30','RR/MM/DD'),0,null,to_date('23/08/30','RR/MM/DD'),3,5,1,1);
Insert into FIVEJO1234.MEMBER (MEMBER_IDX,ID,PASSWORD,EMAIL,MEMBER_DATE,MEMBER_STATUS,MEMBERFILE_NAME,LOGIN_DATE,CATEGORY_ONE,CATEGORY_TWO,CATEGORY_THREE,ENABLED) values (50,'zxc1234','$2a$10$86etO6ts//E3tPijihW1K.r91yaKcnof2rzZW0bw6tIbCNGUenWAu','zxc1234@naver.com',to_date('23/08/31','RR/MM/DD'),0,null,to_date('23/08/31','RR/MM/DD'),3,1,3,1);
Insert into FIVEJO1234.MEMBER (MEMBER_IDX,ID,PASSWORD,EMAIL,MEMBER_DATE,MEMBER_STATUS,MEMBERFILE_NAME,LOGIN_DATE,CATEGORY_ONE,CATEGORY_TWO,CATEGORY_THREE,ENABLED) values (74,'qwe1234','$2a$10$OLOkaLyaKGsCGunyoTs6G.RcdUbkd3a8mWITazdrxYAHBiGK4J8nu','qwe1234@itwii.com',to_date('23/09/06','RR/MM/DD'),2,null,to_date('23/09/06','RR/MM/DD'),5,5,3,1);
Insert into FIVEJO1234.MEMBER (MEMBER_IDX,ID,PASSWORD,EMAIL,MEMBER_DATE,MEMBER_STATUS,MEMBERFILE_NAME,LOGIN_DATE,CATEGORY_ONE,CATEGORY_TWO,CATEGORY_THREE,ENABLED) values (76,'zxc12345','$2a$10$D7eGMofQHc8w/NQJRA7CSOdCs4hdap1TrEN.bGtTleIClTK8943Ee','zxc1234@naver.com',to_date('23/09/06','RR/MM/DD'),2,null,to_date('23/09/06','RR/MM/DD'),3,5,3,1);
Insert into FIVEJO1234.MEMBER (MEMBER_IDX,ID,PASSWORD,EMAIL,MEMBER_DATE,MEMBER_STATUS,MEMBERFILE_NAME,LOGIN_DATE,CATEGORY_ONE,CATEGORY_TWO,CATEGORY_THREE,ENABLED) values (77,'qwe12345','$2a$10$RNE1vL1SZHH9zRY3k8g18uO9QZb1n9nuP9rJ9Yduwrp2M.Zo9oA32','qwe1234@itwii.com',to_date('23/09/06','RR/MM/DD'),2,null,to_date('23/09/06','RR/MM/DD'),3,1,1,1);
Insert into FIVEJO1234.MEMBER (MEMBER_IDX,ID,PASSWORD,EMAIL,MEMBER_DATE,MEMBER_STATUS,MEMBERFILE_NAME,LOGIN_DATE,CATEGORY_ONE,CATEGORY_TWO,CATEGORY_THREE,ENABLED) values (78,'aaa123','$2a$10$e67iXDYIkXbAiFgiQwfDI.3VqPYGWRzspB8FtvHq.GSyEoG88BUAq','asd123@itwill.com',to_date('23/09/06','RR/MM/DD'),1,null,to_date('23/09/06','RR/MM/DD'),3,5,5,1);
Insert into FIVEJO1234.MEMBER (MEMBER_IDX,ID,PASSWORD,EMAIL,MEMBER_DATE,MEMBER_STATUS,MEMBERFILE_NAME,LOGIN_DATE,CATEGORY_ONE,CATEGORY_TWO,CATEGORY_THREE,ENABLED) values (185,'google_105805579954197010673','$2a$10$Xwjp4khkbOEyOWjqG.VTW.EwfrsE7ZPdZUjlL5UA3EbrnF0/wJRAC','rkdalsrud7382@gmail.com',to_date('23/09/25','RR/MM/DD'),2,null,to_date('23/09/25','RR/MM/DD'),1,1,1,1);
REM INSERTING into FIVEJO1234.AUTH
SET DEFINE OFF;
Insert into FIVEJO1234.AUTH (AUTH_IDX,ID,ROLE) values (99,'google_111156989947541972899','ROLE_MEMBER');
Insert into FIVEJO1234.AUTH (AUTH_IDX,ID,ROLE) values (91,'google_106537143813673969419','ROLE_MEMBER');
Insert into FIVEJO1234.AUTH (AUTH_IDX,ID,ROLE) values (100,'google_113135032411802372127','ROLE_MEMBER');
Insert into FIVEJO1234.AUTH (AUTH_IDX,ID,ROLE) values (95,'pp9876','ROLE_MEMBER');
Insert into FIVEJO1234.AUTH (AUTH_IDX,ID,ROLE) values (124,'123ssy','ROLE_EXPERT');
Insert into FIVEJO1234.AUTH (AUTH_IDX,ID,ROLE) values (123,'google_110588030174201337914','ROLE_EXPERT');
Insert into FIVEJO1234.AUTH (AUTH_IDX,ID,ROLE) values (1,'sgwonbe212','ROLE_MEMBER');
Insert into FIVEJO1234.AUTH (AUTH_IDX,ID,ROLE) values (2,'qkrgkdbs95','ROLE_MEMBER');
Insert into FIVEJO1234.AUTH (AUTH_IDX,ID,ROLE) values (3,'qkrgkdbs95','ROLE_EXPERT');
Insert into FIVEJO1234.AUTH (AUTH_IDX,ID,ROLE) values (4,'sgwonbe212','ROLE_EXPERT');
Insert into FIVEJO1234.AUTH (AUTH_IDX,ID,ROLE) values (5,'abc123','ROLE_ADMIN');
Insert into FIVEJO1234.AUTH (AUTH_IDX,ID,ROLE) values (6,'123ssy','ROLE_MEMBER');
Insert into FIVEJO1234.AUTH (AUTH_IDX,ID,ROLE) values (57,'google_117990942679869560763','ROLE_MEMBER');
Insert into FIVEJO1234.AUTH (AUTH_IDX,ID,ROLE) values (86,'jw960212','ROLE_MEMBER');
Insert into FIVEJO1234.AUTH (AUTH_IDX,ID,ROLE) values (61,'google_117990942679869560763','ROLE_EXPERT');
Insert into FIVEJO1234.AUTH (AUTH_IDX,ID,ROLE) values (109,'ii12345','ROLE_MEMBER');
Insert into FIVEJO1234.AUTH (AUTH_IDX,ID,ROLE) values (110,'ii12345','ROLE_EXPERT');
Insert into FIVEJO1234.AUTH (AUTH_IDX,ID,ROLE) values (121,'kakao_민환','ROLE_MEMBER');
Insert into FIVEJO1234.AUTH (AUTH_IDX,ID,ROLE) values (93,'pp1234','ROLE_MEMBER');
Insert into FIVEJO1234.AUTH (AUTH_IDX,ID,ROLE) values (94,'pp1234','ROLE_EXPERT');
Insert into FIVEJO1234.AUTH (AUTH_IDX,ID,ROLE) values (96,'pp9876','ROLE_EXPERT');
Insert into FIVEJO1234.AUTH (AUTH_IDX,ID,ROLE) values (97,'oo1234','ROLE_MEMBER');
Insert into FIVEJO1234.AUTH (AUTH_IDX,ID,ROLE) values (98,'oo1234','ROLE_EXPERT');
Insert into FIVEJO1234.AUTH (AUTH_IDX,ID,ROLE) values (122,'kakao_민환','ROLE_EXPERT');
Insert into FIVEJO1234.AUTH (AUTH_IDX,ID,ROLE) values (41,'rrr1111','ROLE_MEMBER');
Insert into FIVEJO1234.AUTH (AUTH_IDX,ID,ROLE) values (53,'asd123','ROLE_EXPERT');
Insert into FIVEJO1234.AUTH (AUTH_IDX,ID,ROLE) values (9,'asd123','ROLE_MEMBER');
Insert into FIVEJO1234.AUTH (AUTH_IDX,ID,ROLE) values (55,'naver_xYUdR2rWcR_oFEz1xJd0xwmrZO90FcP4VQ5QH7wt3tQ','ROLE_MEMBER');
Insert into FIVEJO1234.AUTH (AUTH_IDX,ID,ROLE) values (59,'kakao_윤주훈','ROLE_MEMBER');
Insert into FIVEJO1234.AUTH (AUTH_IDX,ID,ROLE) values (56,'google_110588030174201337914','ROLE_MEMBER');
Insert into FIVEJO1234.AUTH (AUTH_IDX,ID,ROLE) values (101,'google_111156989947541972899','ROLE_EXPERT');
Insert into FIVEJO1234.AUTH (AUTH_IDX,ID,ROLE) values (102,'google_105805579954197010673','ROLE_EXPERT');
Insert into FIVEJO1234.AUTH (AUTH_IDX,ID,ROLE) values (108,'kakao_윤주훈','ROLE_EXPERT');
Insert into FIVEJO1234.AUTH (AUTH_IDX,ID,ROLE) values (113,'uu1234','ROLE_MEMBER');
Insert into FIVEJO1234.AUTH (AUTH_IDX,ID,ROLE) values (114,'uu1234','ROLE_EXPERT');
Insert into FIVEJO1234.AUTH (AUTH_IDX,ID,ROLE) values (115,'234ssy','ROLE_MEMBER');
Insert into FIVEJO1234.AUTH (AUTH_IDX,ID,ROLE) values (116,'yy1234','ROLE_MEMBER');
Insert into FIVEJO1234.AUTH (AUTH_IDX,ID,ROLE) values (117,'yy1234','ROLE_EXPERT');
Insert into FIVEJO1234.AUTH (AUTH_IDX,ID,ROLE) values (87,'asd12345','ROLE_MEMBER');
Insert into FIVEJO1234.AUTH (AUTH_IDX,ID,ROLE) values (89,'hi1234','ROLE_MEMBER');
Insert into FIVEJO1234.AUTH (AUTH_IDX,ID,ROLE) values (88,'naver_xYUdR2rWcR_oFEz1xJd0xwmrZO90FcP4VQ5QH7wt3tQ','ROLE_EXPERT');
Insert into FIVEJO1234.AUTH (AUTH_IDX,ID,ROLE) values (90,'hi1234','ROLE_EXPERT');
Insert into FIVEJO1234.AUTH (AUTH_IDX,ID,ROLE) values (106,'kakao_조혜민','ROLE_MEMBER');
Insert into FIVEJO1234.AUTH (AUTH_IDX,ID,ROLE) values (107,'google_110456812873759616451','ROLE_MEMBER');
Insert into FIVEJO1234.AUTH (AUTH_IDX,ID,ROLE) values (105,'google_113135032411802372127','ROLE_EXPERT');
Insert into FIVEJO1234.AUTH (AUTH_IDX,ID,ROLE) values (85,'asdf1234','ROLE_MEMBER');
Insert into FIVEJO1234.AUTH (AUTH_IDX,ID,ROLE) values (92,'google_105805579954197010673','ROLE_MEMBER');
Insert into FIVEJO1234.AUTH (AUTH_IDX,ID,ROLE) values (111,'kakao_조혜민','ROLE_EXPERT');
REM INSERTING into FIVEJO1234.CATEGORY
SET DEFINE OFF;
Insert into FIVEJO1234.CATEGORY (CATEGORY_IDX,LARGE,SMALL) values (1,'디자인','그래픽');
Insert into FIVEJO1234.CATEGORY (CATEGORY_IDX,LARGE,SMALL) values (2,'디자인','제품');
Insert into FIVEJO1234.CATEGORY (CATEGORY_IDX,LARGE,SMALL) values (3,'번역','영어');
Insert into FIVEJO1234.CATEGORY (CATEGORY_IDX,LARGE,SMALL) values (4,'번역','중국어');
Insert into FIVEJO1234.CATEGORY (CATEGORY_IDX,LARGE,SMALL) values (5,'사진 편집','헤어 메이크업');
Insert into FIVEJO1234.CATEGORY (CATEGORY_IDX,LARGE,SMALL) values (6,'사진 편집','제품 홍보 사진');
Insert into FIVEJO1234.CATEGORY (CATEGORY_IDX,LARGE,SMALL) values (7,'세무','사업자');
Insert into FIVEJO1234.CATEGORY (CATEGORY_IDX,LARGE,SMALL) values (8,'세무','개인');
Insert into FIVEJO1234.CATEGORY (CATEGORY_IDX,LARGE,SMALL) values (9,'마케팅','SNS홍보');
Insert into FIVEJO1234.CATEGORY (CATEGORY_IDX,LARGE,SMALL) values (10,'마케팅','해외마케팅');
Insert into FIVEJO1234.CATEGORY (CATEGORY_IDX,LARGE,SMALL) values (11,'소셜 로그인','null');
REM INSERTING into FIVEJO1234.STATUS
SET DEFINE OFF;
Insert into FIVEJO1234.STATUS (STATUS_IDX,STATUS) values (0,'취소');
Insert into FIVEJO1234.STATUS (STATUS_IDX,STATUS) values (1,'환불');
Insert into FIVEJO1234.STATUS (STATUS_IDX,STATUS) values (2,'제작전');
Insert into FIVEJO1234.STATUS (STATUS_IDX,STATUS) values (3,'제작중');
Insert into FIVEJO1234.STATUS (STATUS_IDX,STATUS) values (4,'제작완료');
Insert into FIVEJO1234.STATUS (STATUS_IDX,STATUS) values (5,'구매확정');
Insert into FIVEJO1234.STATUS (STATUS_IDX,STATUS) values (6,'리뷰완료');
REM INSERTING into FIVEJO1234.PHOTO
SET DEFINE OFF;
Insert into FIVEJO1234.PHOTO (PHOTO_IDX,ITEM_IDX,ITEMFILE_NAME) values (15,8,'6e48050e-fed8-4031-8838-353f1e4dcd2f_main-controls-cropped.png');
Insert into FIVEJO1234.PHOTO (PHOTO_IDX,ITEM_IDX,ITEMFILE_NAME) values (30,32,'84489630-484c-4547-951b-af4624ad79e5_hairmakeup.png');
Insert into FIVEJO1234.PHOTO (PHOTO_IDX,ITEM_IDX,ITEMFILE_NAME) values (16,16,'2c2e50ba-0393-4bb2-acf3-5cf3b392d13e_drawing.png');
Insert into FIVEJO1234.PHOTO (PHOTO_IDX,ITEM_IDX,ITEMFILE_NAME) values (31,33,'f26576fd-90c5-44eb-bf16-1cfc79ff19c4_worldokta.png');
Insert into FIVEJO1234.PHOTO (PHOTO_IDX,ITEM_IDX,ITEMFILE_NAME) values (32,34,'4c1f3454-7332-4fb1-b8b4-37a98217d765_private.png');
Insert into FIVEJO1234.PHOTO (PHOTO_IDX,ITEM_IDX,ITEMFILE_NAME) values (33,35,'463aff67-dcd2-44dd-8a67-5877feca3c5a_snsselling.png');
Insert into FIVEJO1234.PHOTO (PHOTO_IDX,ITEM_IDX,ITEMFILE_NAME) values (34,36,'7f7418e7-46a0-48d7-8674-18da5316fd0e_linkedin.png');
Insert into FIVEJO1234.PHOTO (PHOTO_IDX,ITEM_IDX,ITEMFILE_NAME) values (35,38,'aa722024-5e74-482e-b037-3397a1707241_chineseenglish.png');
Insert into FIVEJO1234.PHOTO (PHOTO_IDX,ITEM_IDX,ITEMFILE_NAME) values (101,81,'4e175f58-5500-46ed-a896-436eb44dc9f0_businessCount.png');
Insert into FIVEJO1234.PHOTO (PHOTO_IDX,ITEM_IDX,ITEMFILE_NAME) values (6,9,'99eb6a8c-fdfa-4e51-82be-2c19f3091a54_listen.png');
Insert into FIVEJO1234.PHOTO (PHOTO_IDX,ITEM_IDX,ITEMFILE_NAME) values (7,10,'05997917-7648-4091-99db-80022848cb58_chinese.png');
Insert into FIVEJO1234.PHOTO (PHOTO_IDX,ITEM_IDX,ITEMFILE_NAME) values (4,7,'db050758-ce75-43d7-935c-0b7be64e4838_valeriia-miller-_42NKYROG7g-unsplash.png');
Insert into FIVEJO1234.PHOTO (PHOTO_IDX,ITEM_IDX,ITEMFILE_NAME) values (28,30,'244900b6-1027-4258-a237-f38df4349e7d_1.png');
Insert into FIVEJO1234.PHOTO (PHOTO_IDX,ITEM_IDX,ITEMFILE_NAME) values (10,14,'89ba6155-8d20-4890-b576-b75c7e747c73_design.png');
Insert into FIVEJO1234.PHOTO (PHOTO_IDX,ITEM_IDX,ITEMFILE_NAME) values (36,39,'158075b5-0619-49b7-b25e-8eb29c87bd23_hayun.png');
Insert into FIVEJO1234.PHOTO (PHOTO_IDX,ITEM_IDX,ITEMFILE_NAME) values (37,40,'654685d6-7e88-4ef6-8576-f77e3eefda44_hayundesign.png');
Insert into FIVEJO1234.PHOTO (PHOTO_IDX,ITEM_IDX,ITEMFILE_NAME) values (29,31,'cb982403-af9f-4561-874b-0b54dfd7750a_snsphoto.png');
Insert into FIVEJO1234.PHOTO (PHOTO_IDX,ITEM_IDX,ITEMFILE_NAME) values (9,12,'3c546205-7698-48ca-a0c7-8c82581a70ca_pat-taylor-12V36G17IbQ-unsplash.png');
Insert into FIVEJO1234.PHOTO (PHOTO_IDX,ITEM_IDX,ITEMFILE_NAME) values (81,76,'e998e56d-93d4-4369-9d01-dcd774757b8b_clock.png');
REM INSERTING into FIVEJO1234.PAYMENT
SET DEFINE OFF;
REM INSERTING into FIVEJO1234.BOARD
SET DEFINE OFF;
Insert into FIVEJO1234.BOARD (BOARD_IDX,BOARD_TITLE,BOARD_CONTENT,ID,BOARDFILE_NAME,BOARD_STATUS,VIEW_CNT,REG_DATE,COMMENT_CNT,UP_DATE) values (41,'안녕하세요','상품 문의를 드리고싶습니다.','123ssy',null,1,0,to_date('23/09/16','RR/MM/DD'),0,to_date('23/09/16','RR/MM/DD'));
Insert into FIVEJO1234.BOARD (BOARD_IDX,BOARD_TITLE,BOARD_CONTENT,ID,BOARDFILE_NAME,BOARD_STATUS,VIEW_CNT,REG_DATE,COMMENT_CNT,UP_DATE) values (87,'배송 관련 문의드립니다','배송을 빠르게 받고 싶습니다.','123ssy',null,0,0,to_date('23/09/25','RR/MM/DD'),0,to_date('23/09/25','RR/MM/DD'));
Insert into FIVEJO1234.BOARD (BOARD_IDX,BOARD_TITLE,BOARD_CONTENT,ID,BOARDFILE_NAME,BOARD_STATUS,VIEW_CNT,REG_DATE,COMMENT_CNT,UP_DATE) values (103,'안녕하세요 5조입니다','5조입니다','qkrgkdbs95',null,1,0,to_date('23/09/26','RR/MM/DD'),0,to_date('23/09/26','RR/MM/DD'));
Insert into FIVEJO1234.BOARD (BOARD_IDX,BOARD_TITLE,BOARD_CONTENT,ID,BOARDFILE_NAME,BOARD_STATUS,VIEW_CNT,REG_DATE,COMMENT_CNT,UP_DATE) values (104,'안녕하세요 5조입니다','5조입니다 수정','qkrgkdbs95',null,0,0,to_date('23/09/26','RR/MM/DD'),0,to_date('23/09/26','RR/MM/DD'));
Insert into FIVEJO1234.BOARD (BOARD_IDX,BOARD_TITLE,BOARD_CONTENT,ID,BOARDFILE_NAME,BOARD_STATUS,VIEW_CNT,REG_DATE,COMMENT_CNT,UP_DATE) values (2,'1','ㅎ','sgwonbe212','ㅎ',1,0,to_date('23/09/10','RR/MM/DD'),0,to_date('23/09/10','RR/MM/DD'));
Insert into FIVEJO1234.BOARD (BOARD_IDX,BOARD_TITLE,BOARD_CONTENT,ID,BOARDFILE_NAME,BOARD_STATUS,VIEW_CNT,REG_DATE,COMMENT_CNT,UP_DATE) values (3,'d3','de3','123ssy','d3e',1,0,to_date('23/09/11','RR/MM/DD'),0,to_date('23/09/11','RR/MM/DD'));
Insert into FIVEJO1234.BOARD (BOARD_IDX,BOARD_TITLE,BOARD_CONTENT,ID,BOARDFILE_NAME,BOARD_STATUS,VIEW_CNT,REG_DATE,COMMENT_CNT,UP_DATE) values (4,'d3','de3','123ssy','d3e',0,0,to_date('23/09/11','RR/MM/DD'),0,to_date('23/09/11','RR/MM/DD'));
Insert into FIVEJO1234.BOARD (BOARD_IDX,BOARD_TITLE,BOARD_CONTENT,ID,BOARDFILE_NAME,BOARD_STATUS,VIEW_CNT,REG_DATE,COMMENT_CNT,UP_DATE) values (5,'d3','de3','123ssy','d3e',1,0,to_date('23/09/11','RR/MM/DD'),0,to_date('23/09/11','RR/MM/DD'));
Insert into FIVEJO1234.BOARD (BOARD_IDX,BOARD_TITLE,BOARD_CONTENT,ID,BOARDFILE_NAME,BOARD_STATUS,VIEW_CNT,REG_DATE,COMMENT_CNT,UP_DATE) values (8,'1','2','123ssy','34',1,0,to_date('23/09/11','RR/MM/DD'),0,to_date('23/09/11','RR/MM/DD'));
Insert into FIVEJO1234.BOARD (BOARD_IDX,BOARD_TITLE,BOARD_CONTENT,ID,BOARDFILE_NAME,BOARD_STATUS,VIEW_CNT,REG_DATE,COMMENT_CNT,UP_DATE) values (35,'하','페이징..된다','123ssy','미다..',0,0,to_date('23/09/14','RR/MM/DD'),0,to_date('23/09/14','RR/MM/DD'));
Insert into FIVEJO1234.BOARD (BOARD_IDX,BOARD_TITLE,BOARD_CONTENT,ID,BOARDFILE_NAME,BOARD_STATUS,VIEW_CNT,REG_DATE,COMMENT_CNT,UP_DATE) values (64,'문의드립니다','제품 두개 중 하나는 배송이 언제되나요?','123ssy',null,1,0,to_date('23/09/23','RR/MM/DD'),0,to_date('23/09/23','RR/MM/DD'));
Insert into FIVEJO1234.BOARD (BOARD_IDX,BOARD_TITLE,BOARD_CONTENT,ID,BOARDFILE_NAME,BOARD_STATUS,VIEW_CNT,REG_DATE,COMMENT_CNT,UP_DATE) values (88,'재구매하고싶은데 판매자가 사라졌습니다','예전 판매자 정보를 알고 싶습니다...','sgwonbe212',null,1,0,to_date('23/09/26','RR/MM/DD'),0,to_date('23/09/26','RR/MM/DD'));
Insert into FIVEJO1234.BOARD (BOARD_IDX,BOARD_TITLE,BOARD_CONTENT,ID,BOARDFILE_NAME,BOARD_STATUS,VIEW_CNT,REG_DATE,COMMENT_CNT,UP_DATE) values (89,'ㅎㅎ','ㅎㅎ','sgwonbe212',null,0,0,to_date('23/09/26','RR/MM/DD'),0,to_date('23/09/26','RR/MM/DD'));
Insert into FIVEJO1234.BOARD (BOARD_IDX,BOARD_TITLE,BOARD_CONTENT,ID,BOARDFILE_NAME,BOARD_STATUS,VIEW_CNT,REG_DATE,COMMENT_CNT,UP_DATE) values (90,'5조입니다','글쓰기입니다','123ssy',null,0,0,to_date('23/09/26','RR/MM/DD'),0,to_date('23/09/26','RR/MM/DD'));
Insert into FIVEJO1234.BOARD (BOARD_IDX,BOARD_TITLE,BOARD_CONTENT,ID,BOARDFILE_NAME,BOARD_STATUS,VIEW_CNT,REG_DATE,COMMENT_CNT,UP_DATE) values (91,'5조입니다 자신의글입니다','글쓰기입니다','123ssy',null,0,0,to_date('23/09/26','RR/MM/DD'),0,to_date('23/09/26','RR/MM/DD'));
Insert into FIVEJO1234.BOARD (BOARD_IDX,BOARD_TITLE,BOARD_CONTENT,ID,BOARDFILE_NAME,BOARD_STATUS,VIEW_CNT,REG_DATE,COMMENT_CNT,UP_DATE) values (92,'5조입니다 자신의글입니다.','글쓰기입니다','123ssy',null,0,0,to_date('23/09/26','RR/MM/DD'),0,to_date('23/09/26','RR/MM/DD'));
Insert into FIVEJO1234.BOARD (BOARD_IDX,BOARD_TITLE,BOARD_CONTENT,ID,BOARDFILE_NAME,BOARD_STATUS,VIEW_CNT,REG_DATE,COMMENT_CNT,UP_DATE) values (93,'5조입니다 자신의글입니다.','글쓰기입니다','123ssy',null,0,0,to_date('23/09/26','RR/MM/DD'),0,to_date('23/09/26','RR/MM/DD'));
Insert into FIVEJO1234.BOARD (BOARD_IDX,BOARD_TITLE,BOARD_CONTENT,ID,BOARDFILE_NAME,BOARD_STATUS,VIEW_CNT,REG_DATE,COMMENT_CNT,UP_DATE) values (94,'5조입니다','5','234ssy',null,0,0,to_date('23/09/26','RR/MM/DD'),0,to_date('23/09/26','RR/MM/DD'));
Insert into FIVEJO1234.BOARD (BOARD_IDX,BOARD_TITLE,BOARD_CONTENT,ID,BOARDFILE_NAME,BOARD_STATUS,VIEW_CNT,REG_DATE,COMMENT_CNT,UP_DATE) values (6,'qef3','q3f','123ssy','3r1',0,0,to_date('23/09/11','RR/MM/DD'),0,to_date('23/09/11','RR/MM/DD'));
Insert into FIVEJO1234.BOARD (BOARD_IDX,BOARD_TITLE,BOARD_CONTENT,ID,BOARDFILE_NAME,BOARD_STATUS,VIEW_CNT,REG_DATE,COMMENT_CNT,UP_DATE) values (7,'qef3','q3f','123ssy','3r1',0,0,to_date('23/09/11','RR/MM/DD'),0,to_date('23/09/11','RR/MM/DD'));
Insert into FIVEJO1234.BOARD (BOARD_IDX,BOARD_TITLE,BOARD_CONTENT,ID,BOARDFILE_NAME,BOARD_STATUS,VIEW_CNT,REG_DATE,COMMENT_CNT,UP_DATE) values (21,'cff','cr4rcr4','123ssy','c4f',1,0,to_date('23/09/12','RR/MM/DD'),0,to_date('23/09/12','RR/MM/DD'));
Insert into FIVEJO1234.BOARD (BOARD_IDX,BOARD_TITLE,BOARD_CONTENT,ID,BOARDFILE_NAME,BOARD_STATUS,VIEW_CNT,REG_DATE,COMMENT_CNT,UP_DATE) values (22,'하','페이징..','123ssy','미다..',1,0,to_date('23/09/13','RR/MM/DD'),0,to_date('23/09/13','RR/MM/DD'));
Insert into FIVEJO1234.BOARD (BOARD_IDX,BOARD_TITLE,BOARD_CONTENT,ID,BOARDFILE_NAME,BOARD_STATUS,VIEW_CNT,REG_DATE,COMMENT_CNT,UP_DATE) values (23,'rf3','gr45','123ssy','54g54',1,0,to_date('23/09/13','RR/MM/DD'),0,to_date('23/09/13','RR/MM/DD'));
Insert into FIVEJO1234.BOARD (BOARD_IDX,BOARD_TITLE,BOARD_CONTENT,ID,BOARDFILE_NAME,BOARD_STATUS,VIEW_CNT,REG_DATE,COMMENT_CNT,UP_DATE) values (42,'환불이 제대로 안됐습니다.','중국어 강의를 샀는데 환불이 일부분만 됐습니다.','123ssy','미다..',1,0,to_date('23/09/16','RR/MM/DD'),0,to_date('23/09/16','RR/MM/DD'));
Insert into FIVEJO1234.BOARD (BOARD_IDX,BOARD_TITLE,BOARD_CONTENT,ID,BOARDFILE_NAME,BOARD_STATUS,VIEW_CNT,REG_DATE,COMMENT_CNT,UP_DATE) values (43,'환불','중국어 강의를 샀는데요. 환불이 제대로 되지 않았습니다.','123ssy','23rr323',1,0,to_date('23/09/16','RR/MM/DD'),0,to_date('23/09/16','RR/MM/DD'));
Insert into FIVEJO1234.BOARD (BOARD_IDX,BOARD_TITLE,BOARD_CONTENT,ID,BOARDFILE_NAME,BOARD_STATUS,VIEW_CNT,REG_DATE,COMMENT_CNT,UP_DATE) values (61,'안녕하세요 문의드립니다.','환불 계약조건이 어떻게 되는지 궁금합니다. ','sgwonbe212',null,1,0,to_date('23/09/23','RR/MM/DD'),0,to_date('23/09/23','RR/MM/DD'));
Insert into FIVEJO1234.BOARD (BOARD_IDX,BOARD_TITLE,BOARD_CONTENT,ID,BOARDFILE_NAME,BOARD_STATUS,VIEW_CNT,REG_DATE,COMMENT_CNT,UP_DATE) values (62,'ㄷㄹㄷㄹㄷ','ㄹㄷㄹㄷㄹ','sgwonbe212',null,1,0,to_date('23/09/23','RR/MM/DD'),0,to_date('23/09/23','RR/MM/DD'));
Insert into FIVEJO1234.BOARD (BOARD_IDX,BOARD_TITLE,BOARD_CONTENT,ID,BOARDFILE_NAME,BOARD_STATUS,VIEW_CNT,REG_DATE,COMMENT_CNT,UP_DATE) values (85,'문의드립니다.','결제 품목에 대해서 문의드립니다..','qkrgkdbs95',null,0,0,to_date('23/09/25','RR/MM/DD'),0,to_date('23/09/25','RR/MM/DD'));
Insert into FIVEJO1234.BOARD (BOARD_IDX,BOARD_TITLE,BOARD_CONTENT,ID,BOARDFILE_NAME,BOARD_STATUS,VIEW_CNT,REG_DATE,COMMENT_CNT,UP_DATE) values (63,'환불부탁드려요','제품이 상해서 왔습니다','123ssy',null,1,0,to_date('23/09/23','RR/MM/DD'),0,to_date('23/09/23','RR/MM/DD'));
Insert into FIVEJO1234.BOARD (BOARD_IDX,BOARD_TITLE,BOARD_CONTENT,ID,BOARDFILE_NAME,BOARD_STATUS,VIEW_CNT,REG_DATE,COMMENT_CNT,UP_DATE) values (81,'안녕하세요','환불문의드려요','123ssy',null,1,0,to_date('23/09/25','RR/MM/DD'),0,to_date('23/09/25','RR/MM/DD'));
Insert into FIVEJO1234.BOARD (BOARD_IDX,BOARD_TITLE,BOARD_CONTENT,ID,BOARDFILE_NAME,BOARD_STATUS,VIEW_CNT,REG_DATE,COMMENT_CNT,UP_DATE) values (82,'없어진 전문가와 연락','지금은 상품을 판매하지 않지만 예전 전문가에게 상품 문의를 하고싶습니다.','123ssy',null,1,0,to_date('23/09/25','RR/MM/DD'),0,to_date('23/09/25','RR/MM/DD'));
Insert into FIVEJO1234.BOARD (BOARD_IDX,BOARD_TITLE,BOARD_CONTENT,ID,BOARDFILE_NAME,BOARD_STATUS,VIEW_CNT,REG_DATE,COMMENT_CNT,UP_DATE) values (83,'배송 관련 문의드립니다','배송을 빠르게 받고 싶습니다.','123ssy',null,0,0,to_date('23/09/25','RR/MM/DD'),0,to_date('23/09/25','RR/MM/DD'));
Insert into FIVEJO1234.BOARD (BOARD_IDX,BOARD_TITLE,BOARD_CONTENT,ID,BOARDFILE_NAME,BOARD_STATUS,VIEW_CNT,REG_DATE,COMMENT_CNT,UP_DATE) values (84,'문의',' 관리자로 인해 지워진 제 게시물 문의드립니다.','123ssy',null,0,0,to_date('23/09/25','RR/MM/DD'),0,to_date('23/09/25','RR/MM/DD'));
Insert into FIVEJO1234.BOARD (BOARD_IDX,BOARD_TITLE,BOARD_CONTENT,ID,BOARDFILE_NAME,BOARD_STATUS,VIEW_CNT,REG_DATE,COMMENT_CNT,UP_DATE) values (86,'문의드립니다.','결제 품목에 대해서 문의드립니다..
감사합니다. ','qkrgkdbs95',null,0,0,to_date('23/09/25','RR/MM/DD'),0,to_date('23/09/25','RR/MM/DD'));
Insert into FIVEJO1234.BOARD (BOARD_IDX,BOARD_TITLE,BOARD_CONTENT,ID,BOARDFILE_NAME,BOARD_STATUS,VIEW_CNT,REG_DATE,COMMENT_CNT,UP_DATE) values (101,'안녕하세요','문의남깁니다','qkrgkdbs95',null,0,0,to_date('23/09/26','RR/MM/DD'),0,to_date('23/09/26','RR/MM/DD'));
Insert into FIVEJO1234.BOARD (BOARD_IDX,BOARD_TITLE,BOARD_CONTENT,ID,BOARDFILE_NAME,BOARD_STATUS,VIEW_CNT,REG_DATE,COMMENT_CNT,UP_DATE) values (102,'안녕하세요','문의남깁니다 5조입니다','qkrgkdbs95',null,0,0,to_date('23/09/26','RR/MM/DD'),0,to_date('23/09/26','RR/MM/DD'));
Insert into FIVEJO1234.BOARD (BOARD_IDX,BOARD_TITLE,BOARD_CONTENT,ID,BOARDFILE_NAME,BOARD_STATUS,VIEW_CNT,REG_DATE,COMMENT_CNT,UP_DATE) values (24,'efe','fee2','123ssy','2e4g',0,0,to_date('23/09/14','RR/MM/DD'),0,to_date('23/09/14','RR/MM/DD'));
Insert into FIVEJO1234.BOARD (BOARD_IDX,BOARD_TITLE,BOARD_CONTENT,ID,BOARDFILE_NAME,BOARD_STATUS,VIEW_CNT,REG_DATE,COMMENT_CNT,UP_DATE) values (25,'22rr','2r2r','123ssy','23rr323',0,0,to_date('23/09/14','RR/MM/DD'),0,to_date('23/09/14','RR/MM/DD'));
Insert into FIVEJO1234.BOARD (BOARD_IDX,BOARD_TITLE,BOARD_CONTENT,ID,BOARDFILE_NAME,BOARD_STATUS,VIEW_CNT,REG_DATE,COMMENT_CNT,UP_DATE) values (34,'하','페이징..된다','123ssy','미다..',0,0,to_date('23/09/14','RR/MM/DD'),0,to_date('23/09/14','RR/MM/DD'));
REM INSERTING into FIVEJO1234.SALES
SET DEFINE OFF;
Insert into FIVEJO1234.SALES (SALES_IDX,ITEM_IDX,SALES_DATE,SALES_STATUS) values (32,9,to_date('23/08/30','RR/MM/DD'),2);
Insert into FIVEJO1234.SALES (SALES_IDX,ITEM_IDX,SALES_DATE,SALES_STATUS) values (37,12,to_date('23/08/31','RR/MM/DD'),2);
Insert into FIVEJO1234.SALES (SALES_IDX,ITEM_IDX,SALES_DATE,SALES_STATUS) values (38,12,to_date('23/08/31','RR/MM/DD'),2);
Insert into FIVEJO1234.SALES (SALES_IDX,ITEM_IDX,SALES_DATE,SALES_STATUS) values (39,14,to_date('23/08/31','RR/MM/DD'),4);
Insert into FIVEJO1234.SALES (SALES_IDX,ITEM_IDX,SALES_DATE,SALES_STATUS) values (41,16,to_date('23/08/31','RR/MM/DD'),4);
Insert into FIVEJO1234.SALES (SALES_IDX,ITEM_IDX,SALES_DATE,SALES_STATUS) values (101,76,to_date('23/09/16','RR/MM/DD'),4);
Insert into FIVEJO1234.SALES (SALES_IDX,ITEM_IDX,SALES_DATE,SALES_STATUS) values (102,76,to_date('23/09/16','RR/MM/DD'),4);
Insert into FIVEJO1234.SALES (SALES_IDX,ITEM_IDX,SALES_DATE,SALES_STATUS) values (164,76,to_date('23/09/26','RR/MM/DD'),2);
Insert into FIVEJO1234.SALES (SALES_IDX,ITEM_IDX,SALES_DATE,SALES_STATUS) values (44,14,to_date('23/08/31','RR/MM/DD'),2);
Insert into FIVEJO1234.SALES (SALES_IDX,ITEM_IDX,SALES_DATE,SALES_STATUS) values (47,9,to_date('23/08/31','RR/MM/DD'),2);
Insert into FIVEJO1234.SALES (SALES_IDX,ITEM_IDX,SALES_DATE,SALES_STATUS) values (48,14,to_date('23/08/31','RR/MM/DD'),5);
Insert into FIVEJO1234.SALES (SALES_IDX,ITEM_IDX,SALES_DATE,SALES_STATUS) values (105,81,to_date('23/09/16','RR/MM/DD'),2);
Insert into FIVEJO1234.SALES (SALES_IDX,ITEM_IDX,SALES_DATE,SALES_STATUS) values (182,30,to_date('23/09/26','RR/MM/DD'),2);
Insert into FIVEJO1234.SALES (SALES_IDX,ITEM_IDX,SALES_DATE,SALES_STATUS) values (34,10,to_date('23/08/30','RR/MM/DD'),2);
Insert into FIVEJO1234.SALES (SALES_IDX,ITEM_IDX,SALES_DATE,SALES_STATUS) values (35,16,to_date('23/08/31','RR/MM/DD'),5);
Insert into FIVEJO1234.SALES (SALES_IDX,ITEM_IDX,SALES_DATE,SALES_STATUS) values (36,12,to_date('23/08/31','RR/MM/DD'),2);
Insert into FIVEJO1234.SALES (SALES_IDX,ITEM_IDX,SALES_DATE,SALES_STATUS) values (42,14,to_date('23/08/31','RR/MM/DD'),2);
Insert into FIVEJO1234.SALES (SALES_IDX,ITEM_IDX,SALES_DATE,SALES_STATUS) values (45,16,to_date('23/08/31','RR/MM/DD'),2);
Insert into FIVEJO1234.SALES (SALES_IDX,ITEM_IDX,SALES_DATE,SALES_STATUS) values (50,10,to_date('23/09/01','RR/MM/DD'),2);
Insert into FIVEJO1234.SALES (SALES_IDX,ITEM_IDX,SALES_DATE,SALES_STATUS) values (51,14,to_date('23/09/03','RR/MM/DD'),4);
Insert into FIVEJO1234.SALES (SALES_IDX,ITEM_IDX,SALES_DATE,SALES_STATUS) values (52,14,to_date('23/09/06','RR/MM/DD'),4);
Insert into FIVEJO1234.SALES (SALES_IDX,ITEM_IDX,SALES_DATE,SALES_STATUS) values (61,35,to_date('23/09/08','RR/MM/DD'),4);
Insert into FIVEJO1234.SALES (SALES_IDX,ITEM_IDX,SALES_DATE,SALES_STATUS) values (106,81,to_date('23/09/16','RR/MM/DD'),2);
Insert into FIVEJO1234.SALES (SALES_IDX,ITEM_IDX,SALES_DATE,SALES_STATUS) values (127,14,to_date('23/09/21','RR/MM/DD'),2);
Insert into FIVEJO1234.SALES (SALES_IDX,ITEM_IDX,SALES_DATE,SALES_STATUS) values (162,35,to_date('23/09/25','RR/MM/DD'),6);
Insert into FIVEJO1234.SALES (SALES_IDX,ITEM_IDX,SALES_DATE,SALES_STATUS) values (166,31,to_date('23/09/26','RR/MM/DD'),4);
Insert into FIVEJO1234.SALES (SALES_IDX,ITEM_IDX,SALES_DATE,SALES_STATUS) values (165,14,to_date('23/09/26','RR/MM/DD'),4);
Insert into FIVEJO1234.SALES (SALES_IDX,ITEM_IDX,SALES_DATE,SALES_STATUS) values (181,31,to_date('23/09/26','RR/MM/DD'),4);
Insert into FIVEJO1234.SALES (SALES_IDX,ITEM_IDX,SALES_DATE,SALES_STATUS) values (107,81,to_date('23/09/18','RR/MM/DD'),2);
--------------------------------------------------------
--  DDL for Index SYS_C0032622
--------------------------------------------------------

  CREATE UNIQUE INDEX "FIVEJO1234"."SYS_C0032622" ON "FIVEJO1234"."CART" ("CART_IDX") 
  PCTFREE 10 INITRANS 2 MAXTRANS 255 COMPUTE STATISTICS 
  STORAGE(INITIAL 65536 NEXT 1048576 MINEXTENTS 1 MAXEXTENTS 2147483645
  PCTINCREASE 0 FREELISTS 1 FREELIST GROUPS 1 BUFFER_POOL DEFAULT FLASH_CACHE DEFAULT CELL_FLASH_CACHE DEFAULT)
  TABLESPACE "USERS" ;
--------------------------------------------------------
--  DDL for Index SYS_C0032945
--------------------------------------------------------

  CREATE UNIQUE INDEX "FIVEJO1234"."SYS_C0032945" ON "FIVEJO1234"."INTEREST" ("INTEREST_IDX") 
  PCTFREE 10 INITRANS 2 MAXTRANS 255 COMPUTE STATISTICS 
  STORAGE(INITIAL 65536 NEXT 1048576 MINEXTENTS 1 MAXEXTENTS 2147483645
  PCTINCREASE 0 FREELISTS 1 FREELIST GROUPS 1 BUFFER_POOL DEFAULT FLASH_CACHE DEFAULT CELL_FLASH_CACHE DEFAULT)
  TABLESPACE "USERS" ;
--------------------------------------------------------
--  DDL for Index SYS_C0032597
--------------------------------------------------------

  CREATE UNIQUE INDEX "FIVEJO1234"."SYS_C0032597" ON "FIVEJO1234"."ITEM" ("ITEM_IDX") 
  PCTFREE 10 INITRANS 2 MAXTRANS 255 COMPUTE STATISTICS 
  STORAGE(INITIAL 65536 NEXT 1048576 MINEXTENTS 1 MAXEXTENTS 2147483645
  PCTINCREASE 0 FREELISTS 1 FREELIST GROUPS 1 BUFFER_POOL DEFAULT FLASH_CACHE DEFAULT CELL_FLASH_CACHE DEFAULT)
  TABLESPACE "USERS" ;
--------------------------------------------------------
--  DDL for Index SYS_C0032587
--------------------------------------------------------

  CREATE UNIQUE INDEX "FIVEJO1234"."SYS_C0032587" ON "FIVEJO1234"."EXPERT" ("EXPERT_IDX") 
  PCTFREE 10 INITRANS 2 MAXTRANS 255 COMPUTE STATISTICS 
  STORAGE(INITIAL 65536 NEXT 1048576 MINEXTENTS 1 MAXEXTENTS 2147483645
  PCTINCREASE 0 FREELISTS 1 FREELIST GROUPS 1 BUFFER_POOL DEFAULT FLASH_CACHE DEFAULT CELL_FLASH_CACHE DEFAULT)
  TABLESPACE "USERS" ;
--------------------------------------------------------
--  DDL for Index SYS_C0032638
--------------------------------------------------------

  CREATE UNIQUE INDEX "FIVEJO1234"."SYS_C0032638" ON "FIVEJO1234"."REVIEW" ("REVIEW_IDX") 
  PCTFREE 10 INITRANS 2 MAXTRANS 255 COMPUTE STATISTICS 
  STORAGE(INITIAL 65536 NEXT 1048576 MINEXTENTS 1 MAXEXTENTS 2147483645
  PCTINCREASE 0 FREELISTS 1 FREELIST GROUPS 1 BUFFER_POOL DEFAULT FLASH_CACHE DEFAULT CELL_FLASH_CACHE DEFAULT)
  TABLESPACE "USERS" ;
--------------------------------------------------------
--  DDL for Index SYS_C0032630
--------------------------------------------------------

  CREATE UNIQUE INDEX "FIVEJO1234"."SYS_C0032630" ON "FIVEJO1234"."PURCHASE" ("PURCHASE_IDX") 
  PCTFREE 10 INITRANS 2 MAXTRANS 255 COMPUTE STATISTICS 
  STORAGE(INITIAL 65536 NEXT 1048576 MINEXTENTS 1 MAXEXTENTS 2147483645
  PCTINCREASE 0 FREELISTS 1 FREELIST GROUPS 1 BUFFER_POOL DEFAULT FLASH_CACHE DEFAULT CELL_FLASH_CACHE DEFAULT)
  TABLESPACE "USERS" ;
--------------------------------------------------------
--  DDL for Index SYS_C0032559
--------------------------------------------------------

  CREATE UNIQUE INDEX "FIVEJO1234"."SYS_C0032559" ON "FIVEJO1234"."MEMBER" ("MEMBER_IDX") 
  PCTFREE 10 INITRANS 2 MAXTRANS 255 COMPUTE STATISTICS 
  STORAGE(INITIAL 65536 NEXT 1048576 MINEXTENTS 1 MAXEXTENTS 2147483645
  PCTINCREASE 0 FREELISTS 1 FREELIST GROUPS 1 BUFFER_POOL DEFAULT FLASH_CACHE DEFAULT CELL_FLASH_CACHE DEFAULT)
  TABLESPACE "USERS" ;
--------------------------------------------------------
--  DDL for Index SYS_C0033435
--------------------------------------------------------

  CREATE UNIQUE INDEX "FIVEJO1234"."SYS_C0033435" ON "FIVEJO1234"."AUTH" ("AUTH_IDX") 
  PCTFREE 10 INITRANS 2 MAXTRANS 255 COMPUTE STATISTICS 
  STORAGE(INITIAL 65536 NEXT 1048576 MINEXTENTS 1 MAXEXTENTS 2147483645
  PCTINCREASE 0 FREELISTS 1 FREELIST GROUPS 1 BUFFER_POOL DEFAULT FLASH_CACHE DEFAULT CELL_FLASH_CACHE DEFAULT)
  TABLESPACE "USERS" ;
--------------------------------------------------------
--  DDL for Index SYS_C0032562
--------------------------------------------------------

  CREATE UNIQUE INDEX "FIVEJO1234"."SYS_C0032562" ON "FIVEJO1234"."CATEGORY" ("CATEGORY_IDX") 
  PCTFREE 10 INITRANS 2 MAXTRANS 255 COMPUTE STATISTICS 
  STORAGE(INITIAL 65536 NEXT 1048576 MINEXTENTS 1 MAXEXTENTS 2147483645
  PCTINCREASE 0 FREELISTS 1 FREELIST GROUPS 1 BUFFER_POOL DEFAULT FLASH_CACHE DEFAULT CELL_FLASH_CACHE DEFAULT)
  TABLESPACE "USERS" ;
--------------------------------------------------------
--  DDL for Index SYS_C0033506
--------------------------------------------------------

  CREATE UNIQUE INDEX "FIVEJO1234"."SYS_C0033506" ON "FIVEJO1234"."STATUS" ("STATUS_IDX") 
  PCTFREE 10 INITRANS 2 MAXTRANS 255 COMPUTE STATISTICS 
  STORAGE(INITIAL 65536 NEXT 1048576 MINEXTENTS 1 MAXEXTENTS 2147483645
  PCTINCREASE 0 FREELISTS 1 FREELIST GROUPS 1 BUFFER_POOL DEFAULT FLASH_CACHE DEFAULT CELL_FLASH_CACHE DEFAULT)
  TABLESPACE "USERS" ;
--------------------------------------------------------
--  DDL for Index SYS_C0032608
--------------------------------------------------------

  CREATE UNIQUE INDEX "FIVEJO1234"."SYS_C0032608" ON "FIVEJO1234"."PHOTO" ("PHOTO_IDX") 
  PCTFREE 10 INITRANS 2 MAXTRANS 255 COMPUTE STATISTICS 
  STORAGE(INITIAL 65536 NEXT 1048576 MINEXTENTS 1 MAXEXTENTS 2147483645
  PCTINCREASE 0 FREELISTS 1 FREELIST GROUPS 1 BUFFER_POOL DEFAULT FLASH_CACHE DEFAULT CELL_FLASH_CACHE DEFAULT)
  TABLESPACE "USERS" ;
--------------------------------------------------------
--  DDL for Index SYS_C0033545
--------------------------------------------------------

  CREATE UNIQUE INDEX "FIVEJO1234"."SYS_C0033545" ON "FIVEJO1234"."PAYMENT" ("IMP_UID") 
  PCTFREE 10 INITRANS 2 MAXTRANS 255 COMPUTE STATISTICS 
  STORAGE(INITIAL 65536 NEXT 1048576 MINEXTENTS 1 MAXEXTENTS 2147483645
  PCTINCREASE 0 FREELISTS 1 FREELIST GROUPS 1 BUFFER_POOL DEFAULT FLASH_CACHE DEFAULT CELL_FLASH_CACHE DEFAULT)
  TABLESPACE "USERS" ;
--------------------------------------------------------
--  DDL for Index SYS_C0033274
--------------------------------------------------------

  CREATE UNIQUE INDEX "FIVEJO1234"."SYS_C0033274" ON "FIVEJO1234"."BOARD" ("BOARD_IDX") 
  PCTFREE 10 INITRANS 2 MAXTRANS 255 COMPUTE STATISTICS 
  STORAGE(INITIAL 65536 NEXT 1048576 MINEXTENTS 1 MAXEXTENTS 2147483645
  PCTINCREASE 0 FREELISTS 1 FREELIST GROUPS 1 BUFFER_POOL DEFAULT FLASH_CACHE DEFAULT CELL_FLASH_CACHE DEFAULT)
  TABLESPACE "USERS" ;
--------------------------------------------------------
--  DDL for Index SYS_C0032603
--------------------------------------------------------

  CREATE UNIQUE INDEX "FIVEJO1234"."SYS_C0032603" ON "FIVEJO1234"."SALES" ("SALES_IDX") 
  PCTFREE 10 INITRANS 2 MAXTRANS 255 COMPUTE STATISTICS 
  STORAGE(INITIAL 65536 NEXT 1048576 MINEXTENTS 1 MAXEXTENTS 2147483645
  PCTINCREASE 0 FREELISTS 1 FREELIST GROUPS 1 BUFFER_POOL DEFAULT FLASH_CACHE DEFAULT CELL_FLASH_CACHE DEFAULT)
  TABLESPACE "USERS" ;
--------------------------------------------------------
--  Constraints for Table CART
--------------------------------------------------------

  ALTER TABLE "FIVEJO1234"."CART" ADD PRIMARY KEY ("CART_IDX")
  USING INDEX PCTFREE 10 INITRANS 2 MAXTRANS 255 COMPUTE STATISTICS 
  STORAGE(INITIAL 65536 NEXT 1048576 MINEXTENTS 1 MAXEXTENTS 2147483645
  PCTINCREASE 0 FREELISTS 1 FREELIST GROUPS 1 BUFFER_POOL DEFAULT FLASH_CACHE DEFAULT CELL_FLASH_CACHE DEFAULT)
  TABLESPACE "USERS"  ENABLE;
  ALTER TABLE "FIVEJO1234"."CART" MODIFY ("ITEM_PHOTO_IDX" NOT NULL ENABLE);
  ALTER TABLE "FIVEJO1234"."CART" MODIFY ("ITEM_IDX" NOT NULL ENABLE);
  ALTER TABLE "FIVEJO1234"."CART" MODIFY ("MEMBER_IDX" NOT NULL ENABLE);
--------------------------------------------------------
--  Constraints for Table INTEREST
--------------------------------------------------------

  ALTER TABLE "FIVEJO1234"."INTEREST" ADD PRIMARY KEY ("INTEREST_IDX")
  USING INDEX PCTFREE 10 INITRANS 2 MAXTRANS 255 COMPUTE STATISTICS 
  STORAGE(INITIAL 65536 NEXT 1048576 MINEXTENTS 1 MAXEXTENTS 2147483645
  PCTINCREASE 0 FREELISTS 1 FREELIST GROUPS 1 BUFFER_POOL DEFAULT FLASH_CACHE DEFAULT CELL_FLASH_CACHE DEFAULT)
  TABLESPACE "USERS"  ENABLE;
  ALTER TABLE "FIVEJO1234"."INTEREST" MODIFY ("MEMBER_IDX" NOT NULL ENABLE);
  ALTER TABLE "FIVEJO1234"."INTEREST" MODIFY ("CATEGORY_IDX_THREE" NOT NULL ENABLE);
  ALTER TABLE "FIVEJO1234"."INTEREST" MODIFY ("CATEGORY_IDX_TWO" NOT NULL ENABLE);
  ALTER TABLE "FIVEJO1234"."INTEREST" MODIFY ("CATEGORY_IDX_ONE" NOT NULL ENABLE);
--------------------------------------------------------
--  Constraints for Table ITEM
--------------------------------------------------------

  ALTER TABLE "FIVEJO1234"."ITEM" ADD PRIMARY KEY ("ITEM_IDX")
  USING INDEX PCTFREE 10 INITRANS 2 MAXTRANS 255 COMPUTE STATISTICS 
  STORAGE(INITIAL 65536 NEXT 1048576 MINEXTENTS 1 MAXEXTENTS 2147483645
  PCTINCREASE 0 FREELISTS 1 FREELIST GROUPS 1 BUFFER_POOL DEFAULT FLASH_CACHE DEFAULT CELL_FLASH_CACHE DEFAULT)
  TABLESPACE "USERS"  ENABLE;
  ALTER TABLE "FIVEJO1234"."ITEM" MODIFY ("ITEM_DATE" NOT NULL ENABLE);
  ALTER TABLE "FIVEJO1234"."ITEM" MODIFY ("ITEM_STATUS" NOT NULL ENABLE);
  ALTER TABLE "FIVEJO1234"."ITEM" MODIFY ("PRICE" NOT NULL ENABLE);
  ALTER TABLE "FIVEJO1234"."ITEM" MODIFY ("ITEM_CONTENT" NOT NULL ENABLE);
  ALTER TABLE "FIVEJO1234"."ITEM" MODIFY ("ITEM_NAME" NOT NULL ENABLE);
  ALTER TABLE "FIVEJO1234"."ITEM" MODIFY ("EXPERT_IDX" NOT NULL ENABLE);
  ALTER TABLE "FIVEJO1234"."ITEM" MODIFY ("CATEGORY_IDX" NOT NULL ENABLE);
--------------------------------------------------------
--  Constraints for Table EXPERT
--------------------------------------------------------

  ALTER TABLE "FIVEJO1234"."EXPERT" ADD PRIMARY KEY ("EXPERT_IDX")
  USING INDEX PCTFREE 10 INITRANS 2 MAXTRANS 255 COMPUTE STATISTICS 
  STORAGE(INITIAL 65536 NEXT 1048576 MINEXTENTS 1 MAXEXTENTS 2147483645
  PCTINCREASE 0 FREELISTS 1 FREELIST GROUPS 1 BUFFER_POOL DEFAULT FLASH_CACHE DEFAULT CELL_FLASH_CACHE DEFAULT)
  TABLESPACE "USERS"  ENABLE;
  ALTER TABLE "FIVEJO1234"."EXPERT" MODIFY ("INTEREST" NOT NULL ENABLE);
  ALTER TABLE "FIVEJO1234"."EXPERT" MODIFY ("PHONE" NOT NULL ENABLE);
  ALTER TABLE "FIVEJO1234"."EXPERT" MODIFY ("MEMBER_IDX" NOT NULL ENABLE);
--------------------------------------------------------
--  Constraints for Table REVIEW
--------------------------------------------------------

  ALTER TABLE "FIVEJO1234"."REVIEW" ADD PRIMARY KEY ("REVIEW_IDX")
  USING INDEX PCTFREE 10 INITRANS 2 MAXTRANS 255 COMPUTE STATISTICS 
  STORAGE(INITIAL 65536 NEXT 1048576 MINEXTENTS 1 MAXEXTENTS 2147483645
  PCTINCREASE 0 FREELISTS 1 FREELIST GROUPS 1 BUFFER_POOL DEFAULT FLASH_CACHE DEFAULT CELL_FLASH_CACHE DEFAULT)
  TABLESPACE "USERS"  ENABLE;
  ALTER TABLE "FIVEJO1234"."REVIEW" MODIFY ("REVIEW_STATUS" NOT NULL ENABLE);
  ALTER TABLE "FIVEJO1234"."REVIEW" MODIFY ("REVIEW_DATE" NOT NULL ENABLE);
  ALTER TABLE "FIVEJO1234"."REVIEW" MODIFY ("SCORE" NOT NULL ENABLE);
  ALTER TABLE "FIVEJO1234"."REVIEW" MODIFY ("PURCHASE_IDX" NOT NULL ENABLE);
--------------------------------------------------------
--  Constraints for Table PURCHASE
--------------------------------------------------------

  ALTER TABLE "FIVEJO1234"."PURCHASE" ADD PRIMARY KEY ("PURCHASE_IDX")
  USING INDEX PCTFREE 10 INITRANS 2 MAXTRANS 255 COMPUTE STATISTICS 
  STORAGE(INITIAL 65536 NEXT 1048576 MINEXTENTS 1 MAXEXTENTS 2147483645
  PCTINCREASE 0 FREELISTS 1 FREELIST GROUPS 1 BUFFER_POOL DEFAULT FLASH_CACHE DEFAULT CELL_FLASH_CACHE DEFAULT)
  TABLESPACE "USERS"  ENABLE;
  ALTER TABLE "FIVEJO1234"."PURCHASE" MODIFY ("PURCHASE_STATUS" NOT NULL ENABLE);
  ALTER TABLE "FIVEJO1234"."PURCHASE" MODIFY ("PURCHASE_DATE" NOT NULL ENABLE);
  ALTER TABLE "FIVEJO1234"."PURCHASE" MODIFY ("MEMBER_IDX" NOT NULL ENABLE);
  ALTER TABLE "FIVEJO1234"."PURCHASE" MODIFY ("ITEM_IDX" NOT NULL ENABLE);
--------------------------------------------------------
--  Constraints for Table MEMBER
--------------------------------------------------------

  ALTER TABLE "FIVEJO1234"."MEMBER" ADD PRIMARY KEY ("MEMBER_IDX")
  USING INDEX PCTFREE 10 INITRANS 2 MAXTRANS 255 COMPUTE STATISTICS 
  STORAGE(INITIAL 65536 NEXT 1048576 MINEXTENTS 1 MAXEXTENTS 2147483645
  PCTINCREASE 0 FREELISTS 1 FREELIST GROUPS 1 BUFFER_POOL DEFAULT FLASH_CACHE DEFAULT CELL_FLASH_CACHE DEFAULT)
  TABLESPACE "USERS"  ENABLE;
  ALTER TABLE "FIVEJO1234"."MEMBER" MODIFY ("MEMBER_STATUS" NOT NULL ENABLE);
  ALTER TABLE "FIVEJO1234"."MEMBER" MODIFY ("MEMBER_DATE" NOT NULL ENABLE);
  ALTER TABLE "FIVEJO1234"."MEMBER" MODIFY ("EMAIL" NOT NULL ENABLE);
  ALTER TABLE "FIVEJO1234"."MEMBER" MODIFY ("PASSWORD" NOT NULL ENABLE);
  ALTER TABLE "FIVEJO1234"."MEMBER" MODIFY ("ID" NOT NULL ENABLE);
--------------------------------------------------------
--  Constraints for Table AUTH
--------------------------------------------------------

  ALTER TABLE "FIVEJO1234"."AUTH" ADD PRIMARY KEY ("AUTH_IDX")
  USING INDEX PCTFREE 10 INITRANS 2 MAXTRANS 255 COMPUTE STATISTICS 
  STORAGE(INITIAL 65536 NEXT 1048576 MINEXTENTS 1 MAXEXTENTS 2147483645
  PCTINCREASE 0 FREELISTS 1 FREELIST GROUPS 1 BUFFER_POOL DEFAULT FLASH_CACHE DEFAULT CELL_FLASH_CACHE DEFAULT)
  TABLESPACE "USERS"  ENABLE;
--------------------------------------------------------
--  Constraints for Table CATEGORY
--------------------------------------------------------

  ALTER TABLE "FIVEJO1234"."CATEGORY" ADD PRIMARY KEY ("CATEGORY_IDX")
  USING INDEX PCTFREE 10 INITRANS 2 MAXTRANS 255 COMPUTE STATISTICS 
  STORAGE(INITIAL 65536 NEXT 1048576 MINEXTENTS 1 MAXEXTENTS 2147483645
  PCTINCREASE 0 FREELISTS 1 FREELIST GROUPS 1 BUFFER_POOL DEFAULT FLASH_CACHE DEFAULT CELL_FLASH_CACHE DEFAULT)
  TABLESPACE "USERS"  ENABLE;
  ALTER TABLE "FIVEJO1234"."CATEGORY" MODIFY ("SMALL" NOT NULL ENABLE);
  ALTER TABLE "FIVEJO1234"."CATEGORY" MODIFY ("LARGE" NOT NULL ENABLE);
--------------------------------------------------------
--  Constraints for Table STATUS
--------------------------------------------------------

  ALTER TABLE "FIVEJO1234"."STATUS" ADD PRIMARY KEY ("STATUS_IDX")
  USING INDEX PCTFREE 10 INITRANS 2 MAXTRANS 255 COMPUTE STATISTICS 
  STORAGE(INITIAL 65536 NEXT 1048576 MINEXTENTS 1 MAXEXTENTS 2147483645
  PCTINCREASE 0 FREELISTS 1 FREELIST GROUPS 1 BUFFER_POOL DEFAULT FLASH_CACHE DEFAULT CELL_FLASH_CACHE DEFAULT)
  TABLESPACE "USERS"  ENABLE;
--------------------------------------------------------
--  Constraints for Table PHOTO
--------------------------------------------------------

  ALTER TABLE "FIVEJO1234"."PHOTO" ADD PRIMARY KEY ("PHOTO_IDX")
  USING INDEX PCTFREE 10 INITRANS 2 MAXTRANS 255 COMPUTE STATISTICS 
  STORAGE(INITIAL 65536 NEXT 1048576 MINEXTENTS 1 MAXEXTENTS 2147483645
  PCTINCREASE 0 FREELISTS 1 FREELIST GROUPS 1 BUFFER_POOL DEFAULT FLASH_CACHE DEFAULT CELL_FLASH_CACHE DEFAULT)
  TABLESPACE "USERS"  ENABLE;
  ALTER TABLE "FIVEJO1234"."PHOTO" MODIFY ("ITEM_IDX" NOT NULL ENABLE);
--------------------------------------------------------
--  Constraints for Table PAYMENT
--------------------------------------------------------

  ALTER TABLE "FIVEJO1234"."PAYMENT" ADD PRIMARY KEY ("IMP_UID")
  USING INDEX PCTFREE 10 INITRANS 2 MAXTRANS 255 COMPUTE STATISTICS 
  STORAGE(INITIAL 65536 NEXT 1048576 MINEXTENTS 1 MAXEXTENTS 2147483645
  PCTINCREASE 0 FREELISTS 1 FREELIST GROUPS 1 BUFFER_POOL DEFAULT FLASH_CACHE DEFAULT CELL_FLASH_CACHE DEFAULT)
  TABLESPACE "USERS"  ENABLE;
  ALTER TABLE "FIVEJO1234"."PAYMENT" MODIFY ("SALES_IDX" NOT NULL ENABLE);
  ALTER TABLE "FIVEJO1234"."PAYMENT" MODIFY ("PURCHASE_IDX" NOT NULL ENABLE);
--------------------------------------------------------
--  Constraints for Table BOARD
--------------------------------------------------------

  ALTER TABLE "FIVEJO1234"."BOARD" ADD PRIMARY KEY ("BOARD_IDX")
  USING INDEX PCTFREE 10 INITRANS 2 MAXTRANS 255 COMPUTE STATISTICS 
  STORAGE(INITIAL 65536 NEXT 1048576 MINEXTENTS 1 MAXEXTENTS 2147483645
  PCTINCREASE 0 FREELISTS 1 FREELIST GROUPS 1 BUFFER_POOL DEFAULT FLASH_CACHE DEFAULT CELL_FLASH_CACHE DEFAULT)
  TABLESPACE "USERS"  ENABLE;
  ALTER TABLE "FIVEJO1234"."BOARD" MODIFY ("BOARD_STATUS" NOT NULL ENABLE);
  ALTER TABLE "FIVEJO1234"."BOARD" MODIFY ("ID" NOT NULL ENABLE);
  ALTER TABLE "FIVEJO1234"."BOARD" MODIFY ("BOARD_CONTENT" NOT NULL ENABLE);
  ALTER TABLE "FIVEJO1234"."BOARD" MODIFY ("BOARD_TITLE" NOT NULL ENABLE);
--------------------------------------------------------
--  Constraints for Table SALES
--------------------------------------------------------

  ALTER TABLE "FIVEJO1234"."SALES" ADD PRIMARY KEY ("SALES_IDX")
  USING INDEX PCTFREE 10 INITRANS 2 MAXTRANS 255 COMPUTE STATISTICS 
  STORAGE(INITIAL 65536 NEXT 1048576 MINEXTENTS 1 MAXEXTENTS 2147483645
  PCTINCREASE 0 FREELISTS 1 FREELIST GROUPS 1 BUFFER_POOL DEFAULT FLASH_CACHE DEFAULT CELL_FLASH_CACHE DEFAULT)
  TABLESPACE "USERS"  ENABLE;
  ALTER TABLE "FIVEJO1234"."SALES" MODIFY ("SALES_STATUS" NOT NULL ENABLE);
  ALTER TABLE "FIVEJO1234"."SALES" MODIFY ("SALES_DATE" NOT NULL ENABLE);
  ALTER TABLE "FIVEJO1234"."SALES" MODIFY ("ITEM_IDX" NOT NULL ENABLE);
--------------------------------------------------------
--  Ref Constraints for Table CART
--------------------------------------------------------

  ALTER TABLE "FIVEJO1234"."CART" ADD CONSTRAINT "ITEM_CART_IDX_FK" FOREIGN KEY ("ITEM_IDX")
	  REFERENCES "FIVEJO1234"."ITEM" ("ITEM_IDX") ENABLE;
  ALTER TABLE "FIVEJO1234"."CART" ADD CONSTRAINT "MEMBER_CART_IDX_FK" FOREIGN KEY ("MEMBER_IDX")
	  REFERENCES "FIVEJO1234"."MEMBER" ("MEMBER_IDX") ENABLE;
  ALTER TABLE "FIVEJO1234"."CART" ADD CONSTRAINT "PHOTO_IDX_FK" FOREIGN KEY ("ITEM_PHOTO_IDX")
	  REFERENCES "FIVEJO1234"."PHOTO" ("PHOTO_IDX") ENABLE;
--------------------------------------------------------
--  Ref Constraints for Table INTEREST
--------------------------------------------------------

  ALTER TABLE "FIVEJO1234"."INTEREST" ADD CONSTRAINT "CATEGORY_ONE_FK" FOREIGN KEY ("CATEGORY_IDX_ONE")
	  REFERENCES "FIVEJO1234"."CATEGORY" ("CATEGORY_IDX") ENABLE;
  ALTER TABLE "FIVEJO1234"."INTEREST" ADD CONSTRAINT "CATEGORY_THREE_FK" FOREIGN KEY ("CATEGORY_IDX_THREE")
	  REFERENCES "FIVEJO1234"."CATEGORY" ("CATEGORY_IDX") ENABLE;
  ALTER TABLE "FIVEJO1234"."INTEREST" ADD CONSTRAINT "CATEGORY_TWO_FK" FOREIGN KEY ("CATEGORY_IDX_TWO")
	  REFERENCES "FIVEJO1234"."CATEGORY" ("CATEGORY_IDX") ENABLE;
  ALTER TABLE "FIVEJO1234"."INTEREST" ADD CONSTRAINT "MEMBER_IDX_FK" FOREIGN KEY ("MEMBER_IDX")
	  REFERENCES "FIVEJO1234"."MEMBER" ("MEMBER_IDX") ENABLE;
--------------------------------------------------------
--  Ref Constraints for Table ITEM
--------------------------------------------------------

  ALTER TABLE "FIVEJO1234"."ITEM" ADD CONSTRAINT "ITEM_CATEGORY_FK" FOREIGN KEY ("CATEGORY_IDX")
	  REFERENCES "FIVEJO1234"."CATEGORY" ("CATEGORY_IDX") ENABLE;
  ALTER TABLE "FIVEJO1234"."ITEM" ADD CONSTRAINT "ITEM_EXPERT_FK" FOREIGN KEY ("EXPERT_IDX")
	  REFERENCES "FIVEJO1234"."EXPERT" ("EXPERT_IDX") ENABLE;
--------------------------------------------------------
--  Ref Constraints for Table EXPERT
--------------------------------------------------------

  ALTER TABLE "FIVEJO1234"."EXPERT" ADD CONSTRAINT "EXPERT_CATEGORY_FK" FOREIGN KEY ("INTEREST")
	  REFERENCES "FIVEJO1234"."CATEGORY" ("CATEGORY_IDX") ENABLE;
  ALTER TABLE "FIVEJO1234"."EXPERT" ADD CONSTRAINT "EXPERT_MEMBER_FK" FOREIGN KEY ("MEMBER_IDX")
	  REFERENCES "FIVEJO1234"."MEMBER" ("MEMBER_IDX") ENABLE;
--------------------------------------------------------
--  Ref Constraints for Table REVIEW
--------------------------------------------------------

  ALTER TABLE "FIVEJO1234"."REVIEW" ADD CONSTRAINT "REVIEW_PURCHASE_FK" FOREIGN KEY ("PURCHASE_IDX")
	  REFERENCES "FIVEJO1234"."PURCHASE" ("PURCHASE_IDX") ENABLE;
--------------------------------------------------------
--  Ref Constraints for Table PURCHASE
--------------------------------------------------------

  ALTER TABLE "FIVEJO1234"."PURCHASE" ADD CONSTRAINT "PURCHASE_ITEM_FK" FOREIGN KEY ("ITEM_IDX")
	  REFERENCES "FIVEJO1234"."ITEM" ("ITEM_IDX") ENABLE;
  ALTER TABLE "FIVEJO1234"."PURCHASE" ADD CONSTRAINT "PURCHASE_MEMBER_FK" FOREIGN KEY ("MEMBER_IDX")
	  REFERENCES "FIVEJO1234"."MEMBER" ("MEMBER_IDX") ENABLE;
--------------------------------------------------------
--  Ref Constraints for Table MEMBER
--------------------------------------------------------

  ALTER TABLE "FIVEJO1234"."MEMBER" ADD CONSTRAINT "MEMBER_CATEGORY_ONE_FK" FOREIGN KEY ("CATEGORY_ONE")
	  REFERENCES "FIVEJO1234"."CATEGORY" ("CATEGORY_IDX") ENABLE;
  ALTER TABLE "FIVEJO1234"."MEMBER" ADD CONSTRAINT "MEMBER_CATEGORY_THREE_FK" FOREIGN KEY ("CATEGORY_THREE")
	  REFERENCES "FIVEJO1234"."CATEGORY" ("CATEGORY_IDX") ENABLE;
  ALTER TABLE "FIVEJO1234"."MEMBER" ADD CONSTRAINT "MEMBER_CATEGORY_TWO_FK" FOREIGN KEY ("CATEGORY_TWO")
	  REFERENCES "FIVEJO1234"."CATEGORY" ("CATEGORY_IDX") ENABLE;
--------------------------------------------------------
--  Ref Constraints for Table PHOTO
--------------------------------------------------------

  ALTER TABLE "FIVEJO1234"."PHOTO" ADD CONSTRAINT "ITEM_PHOTO_IDX_FK" FOREIGN KEY ("ITEM_IDX")
	  REFERENCES "FIVEJO1234"."ITEM" ("ITEM_IDX") ENABLE;
--------------------------------------------------------
--  Ref Constraints for Table SALES
--------------------------------------------------------

  ALTER TABLE "FIVEJO1234"."SALES" ADD CONSTRAINT "ITEM_IDX_FK" FOREIGN KEY ("ITEM_IDX")
	  REFERENCES "FIVEJO1234"."ITEM" ("ITEM_IDX") ENABLE;
